,real,fitted
0,4281.136989,4284.0273
1,4379.113371,4312.0405
2,4289.656611,4286.3506
3,4381.243645,4355.4946
4,4334.384991,4330.9546
5,4261.968945,4271.8564
6,4376.98457,4298.3877
7,4496.25927,4327.067
8,4313.086674,4283.1113
9,4238.538882,4295.1978
10,4472.830679,4350.8403
11,4387.632993,4345.487
12,4428.102299,4396.5537
13,4293.917157,4332.5664
14,4230.019261,4325.9194
15,4338.645538,4317.984
16,4402.541962,4306.9526
17,4104.353741,4308.613
18,4313.086674,4345.715
19,4293.917157,4319.402
20,4310.9564,4288.272
21,4453.661163,4253.9507
22,4208.719471,4222.7593
23,4168.251638,4228.213
24,4210.849745,4259.0127
25,4185.29088,4252.0635
26,4411.061584,4298.2686
27,4274.747641,4227.404
28,4193.810502,4197.915
29,4168.251638,4260.677
30,4185.29088,4229.9795
31,4366.334675,4253.8833
32,4253.447852,4244.2817
33,4264.097746,4214.5796
34,4115.003636,4125.5186
35,4193.810502,4189.8896
36,4072.405529,4142.5366
37,4219.369366,4219.7134
38,4097.964393,4167.789
39,4110.743089,4178.166
40,4249.187305,4197.2983
41,4125.652058,4209.984
42,4123.523257,4221.252
43,4172.510712,4197.518
44,4206.59067,4234.1997
45,4283.267263,4212.266
46,4217.239093,4161.3057
47,4040.4573169999994,4187.567
48,4215.110291,4236.4834
49,4059.625361,4171.3237
50,4321.606295,4182.582
51,4146.95332,4144.119
52,4219.369366,4158.526
53,4061.755634,4127.973
54,4072.405529,4100.3745
55,4051.1057390000005,4135.6045
56,4136.303425,4189.102
57,4230.019261,4213.3877
58,4066.0147090000005,4200.345
59,4166.121364,4241.9053
60,4315.215475,4265.831
61,4261.968945,4294.3403
62,4208.719471,4231.159
63,4215.110291,4236.5166
64,4168.251638,4178.636
65,4268.356821,4199.69
66,4012.768179,4156.5005
67,4136.303425,4195.343
68,4093.703846,4160.0293
69,4281.136989,4185.7085
70,4123.523257,4217.504
71,4129.912605,4306.416
72,4247.058504,4262.3013
73,4153.341196,4245.3906
74,4400.413161,4273.8022
75,4176.771259,4196.9043
76,4168.251638,4188.949
77,4140.5625,4139.4526
78,4238.538882,4201.5244
79,4355.683308,4197.851
80,4187.421154,4178.5347
81,4076.6646030000006,4190.601
82,4406.802509,4230.187
83,4023.416602,4129.019
84,4264.097746,4202.37
85,4193.810502,4176.7676
86,4236.408609,4221.4873
87,4217.239093,4247.0063
88,4187.421154,4275.0215
89,4423.841752,4297.9614
90,4385.504192,4293.668
91,4261.968945,4312.278
92,4285.397536,4304.6104
93,4494.128996,4361.7246
94,4376.98457,4321.8945
95,4440.880995,4356.1763
96,4285.397536,4315.021
97,4285.397536,4363.107
98,4615.535442,4384.2466
99,4370.59375,4288.3555
100,4161.860817,4296.116
101,4445.141541,4389.875
102,4006.3773590000005,4262.276
103,4504.778891,4395.547
104,4055.366286,4178.5347
105,4315.215475,4305.397
106,4402.541962,4237.8013
107,4134.17168,4243.126
108,4381.243645,4290.857
109,4402.541962,4278.9067
110,4389.763266,4319.008
111,4185.29088,4313.4243
112,4313.086674,4398.181
113,4411.061584,4338.584
114,4438.750721,4282.8438
115,4225.758714,4257.2925
116,4285.397536,4314.456
117,4323.735096,4246.935
118,4268.356821,4228.069
119,4174.640986,4243.4194
120,4291.786884,4249.6377
121,4146.95332,4292.7925
122,4349.295433,4326.4097
123,4336.515264,4302.6626
124,4313.086674,4300.004
125,4296.045959,4245.595
126,4232.149534,4236.902
127,4281.136989,4321.498
128,4509.037966,4341.918
129,4261.968945,4292.9834
130,4272.617368,4286.0083
131,4230.019261,4278.289
132,4285.397536,4286.1553
133,4662.392623,4309.2812
134,4168.251638,4208.0635
135,4336.515264,4322.6323
136,4195.940775,4286.9526
137,4396.152614,4317.093
138,4327.995643,4266.2075
139,4296.045959,4310.041
140,4247.058504,4291.033
141,4270.488567,4284.462
142,4604.884075,4274.7456
143,4315.215475,4224.105
144,4334.384991,4276.254
145,4230.019261,4268.5845
146,4161.860817,4326.311
147,4419.581205,4342.967
148,4279.006716,4291.075
149,4310.9564,4370.713
150,4336.515264,4386.5977
151,4187.421154,4372.37
152,4536.727103,4366.5684
153,4349.295433,4262.4185
154,4417.452404,4384.71
155,4355.683308,4341.899
156,4357.815054,4334.9453
157,4302.436779,4310.38
158,4438.750721,4365.1147
159,4285.397536,4333.222
160,4313.086674,4300.7056
161,4402.541962,4368.5093
162,4353.554507,4340.547
163,4443.011268,4337.284
164,4334.384991,4293.1064
165,4327.995643,4317.152
166,4176.771259,4293.213
167,4166.121364,4283.6665
168,4125.652058,4258.09
169,4423.841752,4293.506
170,4142.692773,4251.159
171,4176.771259,4286.7944
172,4502.648618,4311.652
173,4325.86537,4308.5767
174,4185.29088,4298.316
175,4210.849745,4318.9473
176,4517.557587,4326.268
177,4406.802509,4326.41
178,4342.904612,4320.917
179,4129.912605,4267.856
180,4400.413161,4335.63
181,4166.121364,4282.034
182,4398.282888,4388.1533
183,4257.708398,4247.797
184,4283.267263,4331.316
185,4251.31905,4341.741
186,4259.8372,4329.465
187,4151.212395,4307.7075
188,4492.000195,4383.0947
189,4296.045959,4313.713
190,4317.345748,4302.9014
191,4198.071049,4224.335
192,4236.408609,4301.216
193,4283.267263,4344.9917
194,4323.735096,4330.4893
195,4342.904612,4352.138
196,4332.254718,4302.236
197,4296.045959,4290.8
198,4238.538882,4311.8403
199,4217.239093,4297.5176
200,4291.786884,4305.877
201,4370.59375,4286.649
202,4251.31905,4261.7676
203,4502.648618,4355.7236
204,4157.601743,4333.415
205,4270.488567,4319.8354
206,4225.758714,4354.6807
207,4387.632993,4348.625
208,4487.739648,4341.5854
209,4387.632993,4320.9497
210,4502.648618,4373.5767
211,4300.306505,4361.6855
212,4492.000195,4405.6396
213,4317.345748,4350.763
214,4440.880995,4368.726
215,4494.128996,4375.221
216,4338.645538,4378.3735
217,4285.397536,4341.526
218,4381.243645,4362.2144
219,4464.311058,4370.476
220,4519.687861,4343.755
221,4261.968945,4327.565
222,4502.648618,4360.7124
223,4306.695853,4280.106
224,4195.940775,4331.13
225,4304.56558,4372.2363
226,4408.932782,4399.435
227,4504.778891,4430.4307
228,4338.645538,4401.369
229,4451.530889,4442.4214
230,4600.625,4416.864
231,4364.20293,4378.0283
232,4464.311058,4384.137
233,4387.632993,4341.2705
234,4355.683308,4305.7915
235,4462.180784,4324.369
236,4089.444772,4261.293
237,4374.852825,4355.3384
238,4249.187305,4349.011
239,4445.141541,4391.7295
240,4432.361373,4384.056
241,4325.86537,4406.799
242,4455.789964,4429.172
243,4368.463477,4382.0073
244,4391.892067,4335.263
245,4385.504192,4386.1157
246,4430.2311,4425.853
247,4364.20293,4390.1826
248,4389.763266,4388.988
249,4334.384991,4395.8145
250,4477.089754,4450.0283
251,4313.086674,4356.3247
252,4558.026893,4428.243
253,4289.656611,4344.8096
254,4402.541962,4404.927
255,4195.940775,4379.9478
256,4494.128996,4435.2275
257,4423.841752,4346.6543
258,4347.165159,4361.1045
259,4481.3503,4363.555
260,4264.097746,4311.5063
261,4445.141541,4398.034
262,4353.554507,4325.0386
263,4374.852825,4379.1704
264,4560.157166,4394.3745
265,4376.98457,4369.6343
266,4434.491647,4332.2456
267,4396.152614,4367.6226
268,4387.632993,4371.8247
269,4432.361373,4430.828
270,4317.345748,4352.751
271,4423.841752,4384.685
272,4398.282888,4364.537
273,4472.830679,4399.8867
274,4187.421154,4410.9995
275,4485.609375,4482.5415
276,4568.676788,4415.9507
277,4487.739648,4399.5137
278,4570.805589,4411.6655
279,4251.31905,4333.997
280,4402.541962,4418.9404
281,4464.311058,4381.91
282,4304.56558,4423.204
283,4587.846304,4463.99
284,4310.9564,4400.628
285,4389.763266,4347.976
286,4402.541962,4331.801
287,4300.306505,4350.409
288,4413.191857,4429.7783
289,4428.102299,4383.5493
290,4506.907692,4392.206
291,4353.554507,4368.145
292,4338.645538,4402.4595
293,4455.789964,4397.309
294,4449.400616,4397.0127
295,4400.413161,4403.68
296,4370.59375,4376.3857
297,4540.98765,4450.269
298,4417.452404,4431.027
299,4464.311058,4423.3394
300,4336.515264,4391.3716
301,4472.830679,4459.501
302,4494.128996,4389.908
303,4558.026893,4440.8555
304,4230.019261,4376.877
305,4523.948407,4490.4414
306,4400.413161,4403.9644
307,4438.750721,4494.694
308,4323.735096,4440.855
309,4368.463477,4411.728
310,4498.388071,4429.351
311,4304.56558,4346.9644
312,4313.086674,4377.057
313,4483.479102,4393.234
314,4391.892067,4385.269
315,4268.356821,4379.328
316,4417.452404,4436.744
317,4417.452404,4482.3506
318,4645.35338,4506.3496
319,4389.763266,4416.09
320,4451.530889,4401.511
321,4296.045959,4343.6836
322,4428.102299,4416.349
323,4389.763266,4375.2383
324,4509.037966,4447.1675
325,4338.645538,4411.2554
326,4334.384991,4419.863
327,4434.491647,4423.67
328,4432.361373,4428.265
329,4423.841752,4445.407
330,4421.711478,4426.412
331,4374.852825,4455.574
332,4474.95948,4455.6167
333,4379.113371,4461.182
334,4327.995643,4391.7544
335,4451.530889,4418.8066
336,4376.98457,4333.751
337,4455.789964,4368.4326
338,4289.656611,4324.9497
339,4494.128996,4419.6772
340,4349.295433,4371.465
341,4374.852825,4404.2637
342,4310.9564,4417.122
343,4519.687861,4445.4214
344,4455.789964,4450.4644
345,4464.311058,4457.2534
346,4396.152614,4451.453
347,4504.778891,4454.791
348,4443.011268,4439.579
349,4445.141541,4404.7153
350,4349.295433,4431.8193
351,4443.011268,4417.239
352,4624.053591,4470.612
353,4428.102299,4399.8784
354,4472.830679,4425.5825
355,4313.086674,4402.7817
356,4408.932782,4479.305
357,4530.337755,4461.3413
358,4430.2311,4501.7925
359,4530.337755,4463.558
360,4438.750721,4460.126
361,4406.802509,4493.6465
362,4534.59683,4480.3115
363,4466.439859,4533.0933
364,4472.830679,4437.95
365,4551.637545,4442.4624
366,4423.841752,4374.579
367,4419.581205,4488.3877
368,4387.632993,4406.034
369,4523.948407,4423.7505
370,4417.452404,4409.816
371,4411.061584,4357.286
372,4323.735096,4400.2607
373,4611.274895,4442.5186
374,4306.695853,4370.3374
375,4368.463477,4469.26
376,4562.285968,4408.938
377,4359.943855,4396.7305
378,4481.3503,4480.861
379,4355.683308,4385.679
380,4517.557587,4489.752
381,4549.507272,4512.722
382,4592.105379,4559.446
383,4534.59683,4470.486
384,4432.361373,4421.015
385,4408.932782,4460.8447
386,4464.311058,4507.199
387,4396.152614,4401.7554
388,4528.207482,4446.988
389,4453.661163,4413.7915
390,4421.711478,4420.645
391,4317.345748,4414.9683
392,4485.609375,4447.8457
393,4592.105379,4444.504
394,4460.050511,4414.482
395,4538.857377,4479.4683
396,4408.932782,4432.8096
397,4583.585757,4473.1396
398,4464.311058,4372.6826
399,4428.102299,4385.3027
400,4485.609375,4431.9707
401,4496.25927,4464.7173
402,4445.141541,4425.9175
403,4466.439859,4485.78
404,4396.152614,4458.782
405,4530.337755,4561.378
406,4413.191857,4434.445
407,4630.444411,4521.2954
408,4387.632993,4391.5503
409,4306.695853,4411.379
410,4428.102299,4377.6387
411,4485.609375,4392.475
412,4406.802509,4492.435
413,4428.102299,4427.977
414,4477.089754,4448.132
415,4517.557587,4475.785
416,4434.491647,4431.489
417,4381.243645,4456.0493
418,4440.880995,4419.39
419,4474.95948,4417.956
420,4485.609375,4438.562
421,4274.747641,4384.262
422,4509.037966,4495.425
423,4445.141541,4427.0767
424,4492.000195,4407.6743
425,4285.397536,4428.1885
426,4460.050511,4454.369
427,4466.439859,4493.191
428,4387.632993,4446.1245
429,4492.000195,4446.5605
430,4549.507272,4429.828
431,4513.298513,4464.4507
432,4283.267263,4434.3774
433,4536.727103,4501.2134
434,4536.727103,4486.6973
435,4566.546514,4505.818
436,4423.841752,4401.479
437,4481.3503,4458.0327
438,4438.750721,4388.7725
439,4592.105379,4415.086
440,4242.799429,4391.848
441,4391.892067,4495.681
442,4602.755273,4439.896
443,4443.011268,4454.8325
444,4583.585757,4437.4795
445,4376.98457,4442.32
446,4568.676788,4516.825
447,4570.805589,4478.137
448,4440.880995,4471.104
449,4560.157166,4515.122
450,4381.243645,4508.003
451,4534.59683,4488.6753
452,4624.053591,4502.212
453,4504.778891,4447.041
454,4651.742728,4479.7827
455,4327.995643,4429.896
456,4619.794516,4476.8457
457,4498.388071,4449.1016
458,4323.735096,4474.456
459,4257.708398,4452.3306
460,4560.157166,4533.114
461,4579.326683,4445.3467
462,4534.59683,4474.354
463,4400.413161,4399.3003
464,4464.311058,4446.549
465,4538.857377,4457.1553
466,4598.494727,4443.5874
467,4568.676788,4444.203
468,4449.400616,4446.209
469,4485.609375,4539.114
470,4466.439859,4494.901
471,4611.274895,4542.7603
472,4453.661163,4467.3228
473,4577.196409,4487.327
474,4477.089754,4432.224
475,4385.504192,4479.9243
476,4506.907692,4504.9585
477,4413.191857,4508.7363
478,4540.98765,4479.283
479,4570.805589,4488.016
480,4526.077209,4464.535
481,4443.011268,4462.4834
482,4598.494727,4498.7563
483,4530.337755,4510.562
484,4570.805589,4519.243
485,4477.089754,4467.2207
486,4626.183864,4549.152
487,4466.439859,4460.949
488,4492.000195,4504.972
489,4381.243645,4468.8984
490,4800.836839,4547.5913
491,4794.447491,4480.723
492,4572.935862,4453.9004
493,4636.833759,4498.0317
494,4632.573212,4519.1074
495,4630.444411,4564.886
496,4619.794516,4495.6587
497,4413.191857,4526.634
498,4662.392623,4624.7183
499,4498.388071,4568.8394
500,4547.376998,4556.858
501,4504.778891,4511.1567
502,4423.841752,4501.082
503,4598.494727,4518.9336
504,4487.739648,4493.5317
505,4568.676788,4502.699
506,4455.789964,4430.049
507,4523.948407,4505.931
508,4423.841752,4449.803
509,4613.403696,4542.3467
510,4662.392623,4530.4297
511,4549.507272,4474.761
512,4466.439859,4458.155
513,4370.59375,4484.2744
514,4630.444411,4548.298
515,4530.337755,4466.7812
516,4592.105379,4499.3994
517,4583.585757,4497.3735
518,4423.841752,4517.0376
519,4517.557587,4524.6187
520,4551.637545,4528.9907
521,4379.113371,4478.8364
522,4502.648618,4535.365
523,4430.2311,4477.0957
524,4641.092834,4559.67
525,4528.207482,4496.945
526,4504.778891,4470.1875
527,4368.463477,4491.263
528,4653.873002,4556.8223
529,4600.625,4557.354
530,4455.789964,4526.2954
531,4604.884075,4601.3755
532,4577.196409,4522.3486
533,4611.274895,4620.107
534,4587.846304,4524.018
535,4668.781971,4521.6143
536,4598.494727,4499.141
537,4558.026893,4506.717
538,4455.789964,4534.552
539,4658.133549,4600.7275
540,4677.301593,4562.585
541,4651.742728,4559.1104
542,4477.089754,4508.3564
543,4453.661163,4560.1514
544,4624.053591,4610.0405
545,4592.105379,4504.6567
546,4694.342308,4559.1865
547,4547.376998,4543.3135
548,4602.755273,4609.7114
549,4523.948407,4550.2607
550,4598.494727,4555.758
551,4624.053591,4599.619
552,4741.199489,4617.024
553,4632.573212,4545.6514
554,4751.849384,4585.2314
555,4613.403696,4541.5674
556,4700.730183,4576.587
557,4385.504192,4537.201
558,4515.428786,4635.5586
559,4690.081761,4612.9297
560,4641.092834,4618.6484
561,4683.692413,4599.785
562,4509.037966,4530.6934
563,4602.755273,4606.453
564,4589.975105,4546.867
565,4636.833759,4559.041
566,4707.121004,4579.8447
567,4530.337755,4586.147
568,4558.026893,4610.1104
569,4589.975105,4569.9785
570,4572.935862,4602.111
571,4715.640625,4633.518
572,4487.739648,4510.04
573,4732.679868,4633.0747
574,4572.935862,4556.4946
575,4604.884075,4582.1763
576,4609.144621,4560.893
577,4621.923317,4553.0195
578,4615.535442,4559.821
579,4632.573212,4591.49
580,4594.23418,4581.673
581,4572.935862,4582.317
582,4641.092834,4646.6123
583,4600.625,4585.361
584,4598.494727,4637.745
585,4568.676788,4617.799
586,4690.081761,4618.997
587,4634.703486,4569.495
588,4719.8997,4624.025
589,4472.830679,4547.197
590,4562.285968,4617.263
591,4572.935862,4574.885
592,4634.703486,4609.754
593,4717.770898,4597.0244
594,4474.95948,4602.487
595,4643.223107,4609.96
596,4662.392623,4583.6
597,4636.833759,4636.4336
598,4662.392623,4591.8193
599,4630.444411,4606.336
600,4600.625,4566.225
601,4664.522897,4588.1084
602,4460.050511,4567.453
603,4773.149174,4642.936
604,4472.830679,4553.2266
605,4494.128996,4606.858
606,4504.778891,4551.915
607,4707.121004,4632.57
608,4577.196409,4575.046
609,4549.507272,4591.3755
610,4704.99073,4612.444
611,4677.301593,4584.5273
612,4719.8997,4689.601
613,4630.444411,4571.7246
614,4443.011268,4604.583
615,4662.392623,4669.4453
616,4611.274895,4613.011
617,4630.444411,4634.089
618,4687.951487,4638.2295
619,4443.011268,4544.805
620,4762.499279,4636.7
621,4487.739648,4525.7744
622,4621.923317,4632.904
623,4687.951487,4549.205
624,4587.846304,4560.85
625,4549.507272,4598.716
626,4598.494727,4658.5693
627,4726.29052,4668.9136
628,4555.89662,4544.533
629,4679.431866,4572.7163
630,4634.703486,4582.17
631,4736.938942,4624.557
632,4594.23418,4573.4565
633,4796.577764,4666.7227
634,4656.003275,4581.9185
635,4683.692413,4673.348
636,4656.003275,4622.883
637,4728.419321,4647.8975
638,4630.444411,4627.8315
639,4662.392623,4713.6167
640,4523.948407,4581.5117
641,4775.277975,4669.1787
642,4679.431866,4617.938
643,4683.692413,4603.4473
644,4423.841752,4562.48
645,4613.403696,4613.1187
646,4376.98457,4591.2983
647,4619.794516,4622.66
648,4547.376998,4582.91
649,4453.661163,4562.604
650,4696.471109,4647.4683
651,4526.077209,4595.8457
652,4813.617007,4637.126
653,4551.637545,4518.999
654,4687.951487,4614.7505
655,4641.092834,4521.1865
656,4545.246725,4534.962
657,4664.522897,4603.054
658,4481.3503,4567.8384
659,4619.794516,4615.993
660,4760.369005,4601.6675
661,4668.781971,4620.579
662,4598.494727,4577.808
663,4647.483654,4536.5664
664,4656.003275,4607.305
665,4570.805589,4585.941
666,4485.609375,4545.3594
667,4679.431866,4630.169
668,4357.815054,4533.022
669,4645.35338,4628.5586
670,4370.59375,4512.0815
671,4847.695493,4679.9653
672,4645.35338,4512.7295
673,4374.852825,4566.617
674,4598.494727,4582.5576
675,4749.719111,4623.676
676,4758.238732,4618.2183
677,4549.507272,4563.112
678,4398.282888,4560.5527
679,4653.873002,4708.3047
680,4858.345388,4618.457
681,4685.821214,4524.832
682,4600.625,4547.276
683,4523.948407,4535.5874
684,4773.149174,4579.938
685,4615.535442,4503.745
686,4562.285968,4556.969
687,4504.778891,4554.2686
688,4545.246725,4591.4253
689,4434.491647,4545.8584
690,4621.923317,4607.4873
691,4624.053591,4560.3613
692,4551.637545,4494.3926
693,4519.687861,4545.8833
694,4483.479102,4562.2373
695,4385.504192,4483.4487
696,4534.59683,4513.098
697,4530.337755,4421.169
698,4251.31905,4446.1675
699,4534.59683,4540.657
700,4389.763266,4457.317
701,4483.479102,4519.2935
702,4406.802509,4428.993
703,4364.20293,4450.2554
704,4434.491647,4449.1035
705,4615.535442,4453.5024
706,4417.452404,4425.762
707,4413.191857,4408.575
708,4474.95948,4419.6562
709,4587.846304,4490.079
710,4551.637545,4494.593
711,4470.698933,4463.714
712,4634.703486,4509.365
713,4570.805589,4461.725
714,4577.196409,4552.6504
715,4526.077209,4500.7275
716,4632.573212,4501.9814
717,4296.045959,4498.367
718,4496.25927,4549.793
719,4474.95948,4509.5786
720,4662.392623,4567.583
721,4683.692413,4530.166
722,4536.727103,4508.785
723,4600.625,4499.398
724,4540.98765,4583.529
725,4634.703486,4597.0083
726,4515.428786,4574.9014
727,4581.455484,4597.029
728,4624.053591,4585.8765
729,4519.687861,4584.1675
730,4636.833759,4550.7417
731,4611.274895,4505.661
732,4464.311058,4563.0264
733,4658.133549,4609.605
734,4685.821214,4518.391
735,4781.668795,4548.6387
736,4519.687861,4483.8877
737,4613.403696,4488.3613
738,4413.191857,4462.6377
739,4530.337755,4589.6357
740,4604.884075,4573.6494
741,4545.246725,4523.487
742,4604.884075,4585.884
743,4496.25927,4522.454
744,4583.585757,4563.2334
745,4538.857377,4536.574
746,4477.089754,4484.554
747,4728.419321,4578.788
748,4592.105379,4502.1426
749,4419.581205,4556.176
750,4651.742728,4595.826
751,4509.037966,4521.9604
752,4719.8997,4608.456
753,4547.376998,4502.1465
754,4611.274895,4664.57
755,4600.625,4541.5303
756,4504.778891,4555.7544
757,4545.246725,4521.6445
758,4626.183864,4642.2573
759,4626.183864,4565.2466
760,4568.676788,4538.6846
761,4526.077209,4575.6665
762,4509.037966,4568.9775
763,4572.935862,4582.025
764,4722.031445,4620.005
765,4517.557587,4541.2544
766,4349.295433,4526.3574
767,4826.397175,4633.7544
768,4477.089754,4517.003
769,4656.003275,4547.5874
770,4413.191857,4475.3154
771,4379.113371,4537.989
772,4611.274895,4558.225
773,4592.105379,4567.005
774,4602.755273,4542.1865
775,4485.609375,4467.5303
776,4451.530889,4475.026
777,4726.29052,4561.2256
778,4568.676788,4512.0137
779,4487.739648,4525.2446
780,4579.326683,4535.8633
781,4481.3503,4489.993
782,4613.403696,4495.1646
783,4423.841752,4472.0728
784,4636.833759,4549.1987
785,4387.632993,4438.871
786,4517.557587,4499.739
787,4321.606295,4475.993
788,4673.042518,4581.165
789,4662.392623,4454.1206
790,4432.361373,4460.279
791,4402.541962,4452.6177
792,4430.2311,4474.4585
793,4551.637545,4502.388
794,4445.141541,4439.644
795,4402.541962,4502.1445
796,4359.943855,4451.5557
797,4494.128996,4516.3535
798,4408.932782,4459.833
799,4504.778891,4457.209
800,4400.413161,4422.4766
801,4536.727103,4468.2427
802,4438.750721,4455.8647
803,4549.507272,4479.8394
804,4374.852825,4423.3853
805,4451.530889,4447.342
806,4464.311058,4472.059
807,4549.507272,4481.2437
808,4506.907692,4447.7544
809,4432.361373,4405.165
810,4517.557587,4462.83
811,4413.191857,4435.2915
812,4421.711478,4458.5767
813,4443.011268,4473.691
814,4460.050511,4429.0234
815,4251.31905,4440.0933
816,4498.388071,4561.7515
817,4464.311058,4404.4683
818,4494.128996,4526.0557
819,4485.609375,4455.646
820,4460.050511,4477.387
821,4570.805589,4480.579
822,4560.157166,4477.6177
823,4509.037966,4478.887
824,4453.661163,4459.4897
825,4411.061584,4518.2085
826,4611.274895,4527.42
827,4534.59683,4534.4727
828,4579.326683,4476.3706
829,4449.400616,4482.553
830,4408.932782,4449.7954
831,4506.907692,4490.481
832,4396.152614,4471.2344
833,4577.196409,4505.85
834,4396.152614,4460.8667
835,4462.180784,4498.703
836,4368.463477,4449.0405
837,4630.444411,4530.9253
838,4560.157166,4388.471
839,4472.830679,4399.7104
840,4423.841752,4435.667
841,4443.011268,4432.12
842,4359.943855,4459.7363
843,4336.515264,4447.0977
844,4474.95948,4496.292
845,4498.388071,4438.002
846,4349.295433,4421.302
847,4528.207482,4431.972
848,4342.904612,4407.019
849,4264.097746,4430.742
850,4570.805589,4446.468
851,4406.802509,4422.5522
852,4566.546514,4432.7603
853,4313.086674,4363.9946
854,4530.337755,4468.1416
855,4428.102299,4402.152
856,4517.557587,4461.5767
857,4477.089754,4450.8965
858,4336.515264,4402.8335
859,4428.102299,4468.9243
860,4472.830679,4519.7153
861,4470.698933,4497.7183
862,4406.802509,4548.9087
863,4572.935862,4526.1436
864,4619.794516,4521.3086
865,4741.199489,4510.423
866,4321.606295,4429.022
867,4460.050511,4529.24
868,4583.585757,4430.09
869,4572.935862,4450.178
870,4445.141541,4465.264
871,4515.428786,4524.7334
872,4474.95948,4478.021
873,4413.191857,4462.9224
874,4487.739648,4491.918
875,4604.884075,4501.39
876,4487.739648,4520.5586
877,4483.479102,4496.0645
878,4566.546514,4480.722
879,4568.676788,4500.8193
880,4594.23418,4534.359
881,4547.376998,4439.8037
882,4477.089754,4517.072
883,4494.128996,4515.408
884,4719.8997,4549.401
885,4268.356821,4475.509
886,4572.935862,4575.7217
887,4443.011268,4480.4985
888,4528.207482,4533.9575
889,4594.23418,4541.365
890,4551.637545,4503.2515
891,4513.298513,4460.369
892,4498.388071,4418.9966
893,4449.400616,4461.363
894,4534.59683,4504.8843
895,4536.727103,4500.273
896,4579.326683,4519.9263
897,4592.105379,4515.938
898,4483.479102,4484.4907
899,4594.23418,4551.3022
900,4506.907692,4481.26
901,4572.935862,4502.5303
902,4440.880995,4457.657
903,4536.727103,4539.422
904,4285.397536,4483.2163
905,4604.884075,4548.742
906,4530.337755,4537.2217
907,4455.789964,4519.306
908,4651.742728,4454.271
909,4466.439859,4494.015
910,4632.573212,4502.527
911,4485.609375,4449.767
912,4391.892067,4484.759
913,4579.326683,4505.453
914,4624.053591,4501.162
915,4359.943855,4527.476
916,4445.141541,4511.4746
917,4385.504192,4502.919
918,4726.29052,4570.411
919,4413.191857,4469.17
920,4506.907692,4468.9863
921,4540.98765,4444.5513
922,4558.026893,4448.749
923,4289.656611,4398.188
924,4647.483654,4512.8955
925,4570.805589,4422.2256
926,4481.3503,4412.8726
927,4406.802509,4496.574
928,4408.932782,4493.6885
929,4577.196409,4607.2583
930,4547.376998,4496.61
931,4509.037966,4456.082
932,4540.98765,4497.3003
933,4589.975105,4484.7
934,4472.830679,4491.555
935,4594.23418,4511.9155
936,4385.504192,4454.9004
937,4549.507272,4520.919
938,4496.25927,4448.235
939,4558.026893,4499.282
940,4402.541962,4504.0728
941,4370.59375,4473.0107
942,4492.000195,4434.664
943,4547.376998,4448.5186
944,4396.152614,4465.2075
945,4443.011268,4428.372
946,4460.050511,4446.2837
947,4455.789964,4430.297
948,4621.923317,4456.0474
949,4460.050511,4454.5864
950,4474.95948,4429.013
951,4460.050511,4414.5566
952,4485.609375,4508.329
953,4146.95332,4418.474
954,4570.805589,4514.866
955,4400.413161,4391.5664
956,4387.632993,4473.6997
957,4419.581205,4431.9746
958,4413.191857,4461.92
959,4536.727103,4441.6436
960,4364.20293,4355.5234
961,4443.011268,4434.866
962,4545.246725,4369.9395
963,4402.541962,4419.174
964,4462.180784,4448.2153
965,4325.86537,4426.1587
966,4261.968945,4394.1987
967,4462.180784,4432.5527
968,4327.995643,4389.746
969,4474.95948,4427.82
970,4187.421154,4342.517
971,4411.061584,4433.8027
972,4270.488567,4319.1953
973,4470.698933,4402.083
974,4336.515264,4379.788
975,4462.180784,4405.622
976,4492.000195,4352.4834
977,4385.504192,4443.492
978,4534.59683,4480.6094
979,4534.59683,4528.7866
980,4413.191857,4455.1323
981,4579.326683,4451.9844
982,4481.3503,4438.5117
983,4528.207482,4426.8433
984,4513.298513,4482.882
985,4445.141541,4421.5312
986,4577.196409,4469.9683
987,4502.648618,4463.342
988,4534.59683,4537.3867
989,4662.392623,4498.5786
990,4387.632993,4407.256
991,4504.778891,4484.7637
992,4485.609375,4508.712
993,4566.546514,4525.521
994,4417.452404,4456.6997
995,4474.95948,4437.4365
996,4443.011268,4427.37
997,4472.830679,4394.605
998,4428.102299,4339.9766
999,4334.384991,4319.494
1000,4374.852825,4338.4785
1001,4477.089754,4356.325
1002,4108.614288,4271.6807
1003,4396.152614,4367.695
1004,4232.149534,4305.906
1005,4453.661163,4373.58
1006,4466.439859,4304.742
1007,4251.31905,4306.5273
1008,4306.695853,4335.8438
1009,4242.799429,4307.914
1010,4232.149534,4301.336
1011,4396.152614,4285.1826
1012,4270.488567,4275.219
1013,4242.799429,4243.1333
1014,4304.56558,4257.293
1015,4270.488567,4249.8394
1016,4345.034886,4301.012
1017,4357.815054,4274.9985
1018,4387.632993,4280.932
1019,4151.212395,4230.9375
1020,4300.306505,4253.817
1021,4208.719471,4275.83
1022,4434.491647,4388.979
1023,4342.904612,4405.671
1024,4270.488567,4443.9087
1025,4536.727103,4416.4385
1026,4423.841752,4349.021
1027,4411.061584,4359.267
1028,4327.995643,4306.5215
1029,4264.097746,4330.431
1030,4517.557587,4351.4185
1031,4345.034886,4309.293
1032,4132.042879,4300.842
1033,4387.632993,4352.0303
1034,4251.31905,4300.151
1035,4387.632993,4371.16
1036,4364.20293,4287.203
1037,4391.892067,4315.2544
1038,4323.735096,4236.2803
1039,4283.267263,4299.5654
1040,4251.31905,4316.0728
1041,4474.95948,4389.879
1042,4310.9564,4329.4854
1043,4261.968945,4295.964
1044,4317.345748,4310.937
1045,4285.397536,4294.1836
1046,4370.59375,4343.0386
1047,4325.86537,4297.797
1048,4251.31905,4275.3457
1049,4153.341196,4308.8945
1050,4413.191857,4346.4014
1051,4310.9564,4283.6567
1052,4366.334675,4340.014
1053,4221.499639,4376.05
1054,4432.361373,4409.21
1055,4619.794516,4413.7593
1056,4455.789964,4370.9507
1057,4334.384991,4378.4346
1058,4279.006716,4380.7163
1059,4413.191857,4367.163
1060,4523.948407,4388.3
1061,4359.943855,4349.5493
1062,4336.515264,4375.1426
1063,4357.815054,4364.5034
1064,4345.034886,4418.5947
1065,4406.802509,4435.993
1066,4406.802509,4314.1025
1067,4306.695853,4358.2886
1068,4285.397536,4315.4043
1069,4398.282888,4375.9097
1070,4291.786884,4351.322
1071,4504.778891,4384.3516
1072,4359.943855,4296.1963
1073,4198.071049,4327.211
1074,4381.243645,4343.448
1075,4355.683308,4357.3936
1076,4396.152614,4332.6807
1077,4251.31905,4294.465
1078,4366.334675,4349.5415
1079,4502.648618,4370.113
1080,4423.841752,4399.3623
1081,4423.841752,4375.871
1082,4472.830679,4430.3687
1083,4434.491647,4407.8384
1084,4460.050511,4398.412
1085,4419.581205,4355.3867
1086,4391.892067,4404.2354
1087,4332.254718,4398.89
1088,4540.98765,4438.491
1089,4359.943855,4406.4185
1090,4538.857377,4468.651
1091,4366.334675,4427.05
1092,4487.739648,4453.635
1093,4549.507272,4374.166
1094,4434.491647,4439.3467
1095,4455.789964,4510.0083
1096,4347.165159,4429.445
1097,4464.311058,4500.095
1098,4634.703486,4450.622
1099,4483.479102,4470.59
1100,4466.439859,4461.697
1101,4487.739648,4432.588
1102,4285.397536,4411.914
1103,4562.285968,4501.0513
1104,4481.3503,4404.7485
1105,4462.180784,4434.5054
1106,4364.20293,4385.3403
1107,4370.59375,4423.6123
1108,4389.763266,4445.3584
1109,4653.873002,4453.538
1110,4432.361373,4421.2905
1111,4332.254718,4403.5566
1112,4408.932782,4425.161
1113,4413.191857,4410.213
1114,4506.907692,4471.6167
1115,4428.102299,4401.1133
1116,4313.086674,4418.9663
1117,4355.683308,4409.137
1118,4472.830679,4431.0166
1119,4321.606295,4391.7124
1120,4651.742728,4479.681
1121,4310.9564,4349.108
1122,4519.687861,4445.509
1123,4453.661163,4391.376
1124,4613.403696,4431.601
1125,4466.439859,4347.1143
1126,4342.904612,4384.7095
1127,4304.56558,4394.241
1128,4498.388071,4439.021
1129,4470.698933,4479.116
1130,4502.648618,4427.9287
1131,4438.750721,4485.558
1132,4481.3503,4492.114
1133,4506.907692,4488.3003
1134,4408.932782,4448.765
1135,4374.852825,4473.11
1136,4251.31905,4472.745
1137,4636.833759,4541.663
1138,4445.141541,4399.687
1139,4536.727103,4483.69
1140,4408.932782,4381.0195
1141,4449.400616,4446.0
1142,4462.180784,4405.279
1143,4430.2311,4425.5703
1144,4462.180784,4453.0093
1145,4347.165159,4431.216
1146,4504.778891,4469.291
1147,4602.755273,4450.2627
1148,4428.102299,4432.07
1149,4502.648618,4491.901
1150,4449.400616,4435.3887
1151,4453.661163,4475.677
1152,4466.439859,4525.9956
1153,4509.037966,4522.652
1154,4771.0189,4536.1772
1155,4366.334675,4444.419
1156,4504.778891,4533.477
1157,4359.943855,4476.8823
1158,4694.342308,4529.4937
1159,4558.026893,4447.763
1160,4406.802509,4437.027
1161,4423.841752,4452.715
1162,4536.727103,4457.41
1163,4513.298513,4442.275
1164,4421.711478,4408.995
1165,4315.215475,4392.8286
1166,4477.089754,4454.393
1167,4581.455484,4502.672
1168,4509.037966,4436.261
1169,4455.789964,4457.676
1170,4398.282888,4434.86
1171,4549.507272,4520.4756
1172,4530.337755,4481.2075
1173,4643.223107,4521.6816
1174,4421.711478,4459.8604
1175,4398.282888,4476.08
1176,4315.215475,4519.0337
1177,4487.739648,4521.42
1178,4587.846304,4468.306
1179,4558.026893,4492.1772
1180,4647.483654,4405.7905
1181,4376.98457,4444.966
1182,4421.711478,4528.9795
1183,4481.3503,4498.854
1184,4449.400616,4454.069
1185,4641.092834,4485.2017
1186,4455.789964,4455.268
1187,4421.711478,4490.022
1188,4509.037966,4546.255
1189,4406.802509,4453.4336
1190,4443.011268,4525.8
1191,4455.789964,4483.7925
1192,4594.23418,4534.231
1193,4464.311058,4449.063
1194,4359.943855,4451.361
1195,4342.904612,4450.213
1196,4530.337755,4587.2285
1197,4664.522897,4567.8525
1198,4460.050511,4488.685
1199,4502.648618,4427.0425
1200,4396.152614,4405.043
1201,4451.530889,4440.4946
1202,4455.789964,4434.1216
1203,4389.763266,4440.431
1204,4421.711478,4455.9976
1205,4449.400616,4417.8403
1206,4374.852825,4443.734
1207,4626.183864,4455.653
1208,4274.747641,4391.7856
1209,4506.907692,4495.601
1210,4376.98457,4416.0483
1211,4428.102299,4486.101
1212,4534.59683,4489.4443
1213,4359.943855,4444.2344
1214,4485.609375,4456.7617
1215,4470.698933,4471.1943
1216,4577.196409,4533.088
1217,4577.196409,4492.5806
1218,4530.337755,4519.515
1219,4547.376998,4543.4604
1220,4483.479102,4491.146
1221,4496.25927,4477.687
1222,4523.948407,4500.2144
1223,4338.645538,4417.455
1224,4613.403696,4555.5537
1225,4327.995643,4425.9243
1226,4598.494727,4557.38
1227,4513.298513,4431.962
1228,4555.89662,4495.634
1229,4568.676788,4472.31
1230,4366.334675,4436.6294
1231,4538.857377,4515.8843
1232,4374.852825,4418.4897
1233,4440.880995,4485.9634
1234,4600.625,4530.7188
1235,4460.050511,4472.7637
1236,4406.802509,4490.3896
1237,4579.326683,4560.9565
1238,4528.207482,4518.141
1239,4677.301593,4525.8813
1240,4379.113371,4430.965
1241,4504.778891,4526.285
1242,4487.739648,4479.284
1243,4519.687861,4497.2866
1244,4417.452404,4468.271
1245,4662.392623,4544.8823
1246,4519.687861,4484.7197
1247,4513.298513,4455.548
1248,4517.557587,4449.147
1249,4413.191857,4470.965
1250,4653.873002,4480.4854
1251,4515.428786,4479.189
1252,4411.061584,4464.937
1253,4568.676788,4499.6387
1254,4589.975105,4531.044
1255,4528.207482,4471.824
1256,4477.089754,4489.9546
1257,4317.345748,4480.6616
1258,4719.8997,4529.0938
1259,4423.841752,4428.727
1260,4398.282888,4472.4395
1261,4389.763266,4471.173
1262,4517.557587,4492.6323
1263,4417.452404,4444.8716
1264,4570.805589,4454.8438
1265,4498.388071,4478.6973
1266,4530.337755,4432.391
1267,4560.157166,4416.4277
1268,4387.632993,4420.086
1269,4632.573212,4510.195
1270,4466.439859,4436.879
1271,4496.25927,4485.486
1272,4381.243645,4460.7383
1273,4487.739648,4521.4556
1274,4466.439859,4470.585
1275,4664.522897,4518.5366
1276,4421.711478,4435.127
1277,4555.89662,4522.333
1278,4577.196409,4461.62
1279,4613.403696,4464.2114
1280,4472.830679,4441.4204
1281,4462.180784,4474.1987
1282,4568.676788,4510.499
1283,4594.23418,4552.2515
1284,4523.948407,4549.4766
1285,4547.376998,4440.777
1286,4513.298513,4479.743
1287,4430.2311,4439.599
1288,4666.65317,4570.977
1289,4464.311058,4468.66
1290,4677.301593,4634.568
1291,4413.191857,4483.0547
1292,4562.285968,4568.9385
1293,4317.345748,4449.2593
1294,4726.29052,4529.399
1295,4536.727103,4406.323
1296,4408.932782,4427.7573
1297,4323.735096,4404.5986
1298,4428.102299,4483.607
1299,4581.455484,4513.1875
1300,4423.841752,4410.929
1301,4453.661163,4433.5767
1302,4464.311058,4446.589
1303,4385.504192,4443.111
1304,4451.530889,4432.618
1305,4413.191857,4455.591
1306,4376.98457,4468.3145
1307,4747.588837,4517.8467
1308,4413.191857,4407.651
1309,4677.301593,4560.3735
1310,4338.645538,4398.045
1311,4487.739648,4472.0605
1312,4423.841752,4460.393
1313,4477.089754,4500.982
1314,4434.491647,4502.9595
1315,4417.452404,4507.2686
1316,4528.207482,4431.885
1317,4408.932782,4420.856
1318,4534.59683,4494.1343
1319,4560.157166,4444.5317
1320,4428.102299,4446.5728
1321,4534.59683,4455.2246
1322,4498.388071,4481.7363
1323,4481.3503,4500.542
1324,4658.133549,4509.9336
1325,4445.141541,4477.668
1326,4547.376998,4480.244
1327,4453.661163,4443.695
1328,4611.274895,4525.9214
1329,4496.25927,4477.084
1330,4428.102299,4450.1006
1331,4515.428786,4492.251
1332,4555.89662,4537.657
1333,4651.742728,4478.6445
1334,4494.128996,4423.0635
1335,4345.034886,4476.0103
1336,4443.011268,4472.5283
1337,4504.778891,4477.5664
1338,4538.857377,4476.0356
1339,4477.089754,4446.7446
1340,4323.735096,4458.414
1341,4504.778891,4439.1006
1342,4389.763266,4436.2666
1343,4611.274895,4454.24
1344,4259.8372,4426.101
1345,4434.491647,4493.1123
1346,4528.207482,4483.3096
1347,4523.948407,4474.644
1348,4589.975105,4467.2573
1349,4417.452404,4404.536
1350,4417.452404,4448.916
1351,4526.077209,4509.866
1352,4504.778891,4562.1523
1353,4719.8997,4554.865
1354,4583.585757,4477.8296
1355,4487.739648,4504.9805
1356,4572.935862,4478.7246
1357,4430.2311,4488.964
1358,4653.873002,4552.8555
1359,4483.479102,4468.067
1360,4485.609375,4454.56
1361,4400.413161,4436.9766
1362,4641.092834,4557.9893
1363,4753.979657,4540.3545
1364,4526.077209,4479.091
1365,4598.494727,4532.401
1366,4413.191857,4490.125
1367,4694.342308,4639.7393
1368,4506.907692,4468.3994
1369,4321.606295,4493.5586
1370,4645.35338,4531.568
1371,4509.037966,4484.468
1372,4381.243645,4450.304
1373,4483.479102,4486.9824
1374,4338.645538,4441.202
1375,4751.849384,4535.524
1376,4513.298513,4384.51
1377,4453.661163,4505.4927
1378,4455.789964,4442.6787
1379,4526.077209,4493.458
1380,4589.975105,4430.789
1381,4485.609375,4460.273
1382,4538.857377,4492.506
1383,4485.609375,4478.0864
1384,4528.207482,4478.201
1385,4455.789964,4512.2134
1386,4545.246725,4532.1475
1387,4551.637545,4557.801
1388,4445.141541,4543.4585
1389,4485.609375,4493.0835
1390,4664.522897,4493.792
1391,4464.311058,4446.1333
1392,4613.403696,4519.497
1393,4419.581205,4463.7603
1394,4432.361373,4418.91
1395,4664.522897,4437.8145
1396,4566.546514,4481.6753
1397,4506.907692,4516.241
1398,4376.98457,4493.5034
1399,4453.661163,4493.284
1400,4651.742728,4519.803
1401,4504.778891,4468.8994
1402,4513.298513,4490.4067
1403,4430.2311,4486.732
1404,4466.439859,4459.819
1405,4615.535442,4500.7246
1406,4417.452404,4456.9844
1407,4619.794516,4555.9316
1408,4462.180784,4527.316
1409,4579.326683,4558.668
1410,4492.000195,4534.6636
1411,4566.546514,4467.3364
1412,4568.676788,4473.072
1413,4423.841752,4415.627
1414,4357.815054,4470.7886
1415,4519.687861,4522.8784
1416,4613.403696,4571.2837
1417,4423.841752,4512.5137
1418,4364.20293,4520.5107
1419,4470.698933,4520.645
1420,4496.25927,4572.2827
1421,4534.59683,4492.5693
1422,4496.25927,4497.7217
1423,4419.581205,4460.1987
1424,4598.494727,4498.314
1425,4487.739648,4462.9995
1426,4594.23418,4468.4277
1427,4455.789964,4458.197
1428,4487.739648,4463.944
1429,4481.3503,4442.462
1430,4604.884075,4531.941
1431,4743.329763,4478.307
1432,4504.778891,4437.432
1433,4534.59683,4484.9087
1434,4364.20293,4501.8955
1435,4634.703486,4609.8315
1436,4506.907692,4524.876
1437,4558.026893,4567.5913
1438,4632.573212,4526.848
1439,4449.400616,4565.1655
1440,4498.388071,4496.42
1441,4626.183864,4569.9526
1442,4306.695853,4475.77
1443,4711.38155,4556.289
1444,4272.617368,4406.761
1445,4611.274895,4464.8984
1446,4472.830679,4406.9746
1447,4419.581205,4489.6914
1448,4430.2311,4534.8145
1449,4536.727103,4538.591
1450,4483.479102,4504.6978
1451,4440.880995,4475.7744
1452,4519.687861,4521.678
1453,4504.778891,4529.185
1454,4613.403696,4474.271
1455,4451.530889,4428.497
1456,4526.077209,4528.654
1457,4545.246725,4516.9106
1458,4492.000195,4493.052
1459,4353.554507,4485.5254
1460,4630.444411,4540.6396
1461,4496.25927,4472.466
1462,4515.428786,4476.7285
1463,4506.907692,4482.715
1464,4477.089754,4521.736
1465,4562.285968,4509.736
1466,4594.23418,4460.352
1467,4481.3503,4452.1416
1468,4526.077209,4518.3687
1469,4509.037966,4561.254
1470,4583.585757,4517.184
1471,4419.581205,4534.3945
1472,4396.152614,4574.775
1473,4621.923317,4566.7544
1474,4549.507272,4508.2607
1475,4673.042518,4516.0356
1476,4364.20293,4443.2554
1477,4400.413161,4516.394
1478,4570.805589,4513.9917
1479,4653.873002,4492.949
1480,4519.687861,4512.0967
1481,4498.388071,4561.9307
1482,4589.975105,4557.4146
1483,4443.011268,4583.1147
1484,4572.935862,4556.2363
1485,4364.20293,4457.2754
1486,4336.515264,4578.5103
1487,4555.89662,4546.885
1488,4419.581205,4515.2637
1489,4332.254718,4475.3115
1490,4494.128996,4527.269
1491,4374.852825,4513.1
1492,4728.419321,4519.9014
1493,4342.904612,4430.01
1494,4568.676788,4523.6177
1495,4385.504192,4453.877
1496,4440.880995,4470.3037
1497,4411.061584,4482.73
1498,4509.037966,4535.6753
1499,4451.530889,4510.809
1500,4460.050511,4487.587
1501,4536.727103,4536.1255
1502,4423.841752,4529.6533
1503,4641.092834,4539.9146
1504,4513.298513,4475.927
1505,4445.141541,4439.967
1506,4477.089754,4472.1587
1507,4483.479102,4495.626
1508,4566.546514,4500.967
1509,4534.59683,4482.446
1510,4391.892067,4479.678
1511,4560.157166,4524.304
1512,4513.298513,4464.9233
1513,4264.097746,4553.852
1514,4545.246725,4536.751
1515,4417.452404,4448.8174
1516,4496.25927,4485.4565
1517,4519.687861,4477.9287
1518,4408.932782,4548.773
1519,4364.20293,4464.7485
1520,4453.661163,4481.3994
1521,4374.852825,4468.521
1522,4423.841752,4499.2104
1523,4355.683308,4450.3545
1524,4498.388071,4464.2964
1525,4400.413161,4416.0293
1526,4536.727103,4473.9336
1527,4336.515264,4402.6465
1528,4583.585757,4479.2393
1529,4504.778891,4389.763
1530,4381.243645,4421.865
1531,4464.311058,4445.318
1532,4481.3503,4462.0425
1533,4483.479102,4539.735
1534,4423.841752,4504.3496
1535,4261.968945,4509.7036
1536,4549.507272,4524.6714
1537,4432.361373,4479.1875
1538,4419.581205,4457.13
1539,4460.050511,4440.1914
1540,4334.384991,4364.0425
1541,4604.884075,4495.5825
1542,4430.2311,4424.763
1543,4449.400616,4483.2124
1544,4381.243645,4444.205
1545,4432.361373,4454.9805
1546,4398.282888,4466.948
1547,4417.452404,4542.0776
1548,4387.632993,4509.727
1549,4396.152614,4449.5474
1550,4598.494727,4468.1978
1551,4357.815054,4457.303
1552,4445.141541,4535.8525
1553,4485.609375,4501.9785
1554,4368.463477,4480.6484
1555,4562.285968,4495.8584
1556,4449.400616,4471.4546
1557,4445.141541,4473.32
1558,4513.298513,4490.2275
1559,4281.136989,4483.6167
1560,4604.884075,4480.1865
1561,4368.463477,4448.5884
1562,4492.000195,4504.5723
1563,4381.243645,4434.4844
1564,4387.632993,4469.6855
1565,4259.8372,4498.5073
1566,4536.727103,4533.174
1567,4487.739648,4459.734
1568,4274.747641,4511.948
1569,4406.802509,4528.072
1570,4474.95948,4480.1606
1571,4572.935862,4508.0874
1572,4421.711478,4400.366
1573,4310.9564,4395.188
1574,4513.298513,4457.5537
1575,4440.880995,4448.0454
1576,4291.786884,4415.21
1577,4370.59375,4461.555
1578,4302.436779,4445.141
1579,4492.000195,4421.245
1580,4368.463477,4393.102
1581,4449.400616,4460.7236
1582,4434.491647,4447.7817
1583,4434.491647,4472.911
1584,4453.661163,4434.4814
1585,4368.463477,4478.5166
1586,4462.180784,4499.9487
1587,4379.113371,4431.3447
1588,4385.504192,4465.4463
1589,4396.152614,4444.1567
1590,4513.298513,4430.52
1591,4421.711478,4430.5635
1592,4534.59683,4431.2217
1593,4315.215475,4387.6987
1594,4474.95948,4468.251
1595,4408.932782,4411.8384
1596,4477.089754,4427.2505
1597,4204.460397,4460.815
1598,4408.932782,4481.9883
1599,4570.805589,4467.9775
1600,4376.98457,4482.521
1601,4438.750721,4534.775
1602,4366.334675,4463.0913
1603,4189.549955,4487.895
1604,4558.026893,4520.3555
1605,4285.397536,4486.473
1606,4389.763266,4535.2188
1607,4323.735096,4488.74
1608,4140.5625,4504.678
1609,4430.2311,4478.8516
1610,4398.282888,4428.5977
1611,4547.376998,4452.028
1612,4249.187305,4379.3184
1613,4481.3503,4415.618
1614,4355.683308,4370.7603
1615,4470.698933,4447.3516
1616,4391.892067,4482.452
1617,4355.683308,4466.0156
1618,4389.763266,4456.781
1619,4466.439859,4495.416
1620,4453.661163,4463.7495
1621,4453.661163,4469.453
1622,4274.747641,4472.72
1623,4440.880995,4460.6265
1624,4366.334675,4468.5054
1625,4432.361373,4469.151
1626,4477.089754,4523.6704
1627,4178.901532,4443.469
1628,4683.692413,4490.6113
1629,4558.026893,4400.1006
1630,4411.061584,4442.8613
1631,4379.113371,4408.945
1632,4379.113371,4402.981
1633,4481.3503,4408.806
1634,4472.830679,4423.6084
1635,4483.479102,4435.8643
1636,4440.880995,4432.3853
1637,4464.311058,4425.371
1638,4391.892067,4477.1167
1639,4534.59683,4512.8013
1640,4406.802509,4483.363
1641,4492.000195,4456.851
1642,4421.711478,4481.028
1643,4391.892067,4472.2236
1644,4396.152614,4454.773
1645,4492.000195,4457.1064
1646,4483.479102,4438.972
1647,4334.384991,4449.2515
1648,4411.061584,4471.9985
1649,4566.546514,4454.373
1650,4506.907692,4466.469
1651,4421.711478,4462.291
1652,4291.786884,4473.7007
1653,4562.285968,4538.6274
1654,4440.880995,4529.292
1655,4398.282888,4499.6523
1656,4357.815054,4455.8438
1657,4336.515264,4440.94
1658,4609.144621,4443.756
1659,4345.034886,4394.5366
1660,4391.892067,4419.0786
1661,4302.436779,4336.946
1662,4445.141541,4481.3784
1663,4434.491647,4414.976
1664,4364.20293,4513.9277
1665,4451.530889,4466.4097
1666,4470.698933,4449.6885
1667,4513.298513,4447.039
1668,4453.661163,4530.5586
1669,4417.452404,4475.231
1670,4451.530889,4532.471
1671,4396.152614,4443.9985
1672,4643.223107,4490.1045
1673,4421.711478,4515.1245
1674,4374.852825,4488.367
1675,4385.504192,4471.156
1676,4253.447852,4420.358
1677,4389.763266,4497.214
1678,4304.56558,4396.036
1679,4434.491647,4482.3374
1680,4302.436779,4360.208
1681,4387.632993,4466.5107
1682,4368.463477,4437.8667
1683,4472.830679,4483.026
1684,4304.56558,4436.493
1685,4285.397536,4432.6973
1686,4364.20293,4424.2944
1687,4400.413161,4418.0767
1688,4587.846304,4456.8364
1689,4432.361373,4348.9033
1690,4398.282888,4425.8394
1691,4572.935862,4366.7666
1692,4349.295433,4376.7075
1693,4398.282888,4374.502
1694,4611.274895,4409.2266
1695,4349.295433,4389.7256
1696,4615.535442,4464.548
1697,4391.892067,4469.1685
1698,4464.311058,4528.727
1699,4449.400616,4495.988
1700,4364.20293,4520.702
1701,4551.637545,4492.4204
1702,4434.491647,4473.717
1703,4438.750721,4504.807
1704,4387.632993,4430.4985
1705,4417.452404,4471.454
1706,4302.436779,4452.48
1707,4494.128996,4518.9956
1708,4502.648618,4470.2305
1709,4428.102299,4424.0
1710,4323.735096,4370.711
1711,4421.711478,4446.6255
1712,4313.086674,4431.1895
1713,4589.975105,4500.0117
1714,4449.400616,4412.8066
1715,4400.413161,4423.991
1716,4502.648618,4456.0327
1717,4464.311058,4421.016
1718,4594.23418,4505.0767
1719,4366.334675,4431.73
1720,4089.444772,4502.263
1721,4551.637545,4549.1763
1722,4396.152614,4501.9907
1723,4477.089754,4501.818
1724,4453.661163,4424.7153
1725,4423.841752,4432.7227
1726,4547.376998,4388.5317
1727,4419.581205,4405.094
1728,4579.326683,4477.632
1729,4370.59375,4464.643
1730,4347.165159,4490.392
1731,4440.880995,4426.9956
1732,4504.778891,4472.4785
1733,4609.144621,4445.8364
1734,4474.95948,4384.941
1735,4538.857377,4431.6987
1736,4464.311058,4432.033
1737,4538.857377,4498.14
1738,4506.907692,4478.4478
1739,4321.606295,4502.889
