TIMESTAMP,anomaly_act
2022/6/14 13:28,0
2022/6/14 13:28,0
2022/6/14 13:28,0
2022/6/14 13:28,0
2022/6/14 13:28,0
2022/6/14 13:28,0
2022/6/14 13:28,0
2022/6/14 13:28,0
2022/6/14 13:28,0
2022/6/14 13:28,0
2022/6/14 13:28,0
2022/6/14 13:28,0
2022/6/14 13:28,0
2022/6/14 13:28,0
2022/6/14 13:28,0
2022/6/14 13:28,0
2022/6/14 13:28,0
2022/6/14 13:28,0
2022/6/14 13:28,0
2022/6/14 13:28,0
2022/6/14 13:28,0
2022/6/14 13:29,0
2022/6/14 13:29,0
2022/6/14 13:29,0
2022/6/14 13:29,0
2022/6/14 13:29,0
2022/6/14 13:29,0
2022/6/14 13:29,0
2022/6/14 13:29,0
2022/6/14 13:29,0
2022/6/14 13:29,0
2022/6/14 13:29,0
2022/6/14 13:29,0
2022/6/14 13:29,0
2022/6/14 13:29,0
2022/6/14 13:29,0
2022/6/14 13:29,0
2022/6/14 13:29,0
2022/6/14 13:29,0
2022/6/14 13:29,0
2022/6/14 13:29,0
2022/6/14 13:29,0
2022/6/14 13:29,0
2022/6/14 13:29,0
2022/6/14 13:29,0
2022/6/14 13:29,0
2022/6/14 13:29,0
2022/6/14 13:29,0
2022/6/14 13:29,0
2022/6/14 13:29,0
2022/6/14 13:29,0
2022/6/14 13:30,0
2022/6/14 13:30,0
2022/6/14 13:30,0
2022/6/14 13:30,0
2022/6/14 13:30,0
2022/6/14 13:30,0
2022/6/14 13:30,0
2022/6/14 13:30,0
2022/6/14 13:30,0
2022/6/14 13:30,0
2022/6/14 13:30,0
2022/6/14 13:30,0
2022/6/14 13:30,0
2022/6/14 13:30,0
2022/6/14 13:30,0
2022/6/14 13:30,0
2022/6/14 13:30,0
2022/6/14 13:30,0
2022/6/14 13:30,0
2022/6/14 13:30,0
2022/6/14 13:30,0
2022/6/14 13:30,0
2022/6/14 13:30,0
2022/6/14 13:30,0
2022/6/14 13:30,0
2022/6/14 13:30,0
2022/6/14 13:30,0
2022/6/14 13:30,0
2022/6/14 13:30,0
2022/6/14 13:30,0
2022/6/14 13:31,0
2022/6/14 13:31,0
2022/6/14 13:31,0
2022/6/14 13:31,0
2022/6/14 13:31,0
2022/6/14 13:31,0
2022/6/14 13:31,0
2022/6/14 13:31,0
2022/6/14 13:31,0
2022/6/14 13:31,0
2022/6/14 13:31,0
2022/6/14 13:31,0
2022/6/14 13:31,0
2022/6/14 13:31,0
2022/6/14 13:31,0
2022/6/14 13:31,0
2022/6/14 13:31,0
2022/6/14 13:31,0
2022/6/14 13:31,0
2022/6/14 13:31,0
2022/6/14 13:31,0
2022/6/14 13:31,0
2022/6/14 13:31,0
2022/6/14 13:31,0
2022/6/14 13:31,0
2022/6/14 13:31,0
2022/6/14 13:31,0
2022/6/14 13:31,0
2022/6/14 13:31,0
2022/6/14 13:31,0
2022/6/14 13:32,0
2022/6/14 13:32,0
2022/6/14 13:32,0
2022/6/14 13:32,0
2022/6/14 13:32,0
2022/6/14 13:32,0
2022/6/14 13:32,0
2022/6/14 13:32,0
2022/6/14 13:32,0
2022/6/14 13:32,0
2022/6/14 13:32,0
2022/6/14 13:32,0
2022/6/14 13:32,0
2022/6/14 13:32,0
2022/6/14 13:32,0
2022/6/14 13:32,0
2022/6/14 13:32,0
2022/6/14 13:32,0
2022/6/14 13:32,0
2022/6/14 13:32,0
2022/6/14 13:32,0
2022/6/14 13:32,0
2022/6/14 13:32,0
2022/6/14 13:32,0
2022/6/14 13:32,0
2022/6/14 13:32,0
2022/6/14 13:32,0
2022/6/14 13:32,0
2022/6/14 13:32,0
2022/6/14 13:32,0
2022/6/14 13:33,0
2022/6/14 13:33,0
2022/6/14 13:33,0
2022/6/14 13:33,0
2022/6/14 13:33,0
2022/6/14 13:33,0
2022/6/14 13:33,0
2022/6/14 13:33,0
2022/6/14 13:33,0
2022/6/14 13:33,0
2022/6/14 13:33,0
2022/6/14 13:33,0
2022/6/14 13:33,0
2022/6/14 13:33,0
2022/6/14 13:33,0
2022/6/14 13:33,0
2022/6/14 13:33,0
2022/6/14 13:33,0
2022/6/14 13:33,0
2022/6/14 13:33,0
2022/6/14 13:33,0
2022/6/14 13:33,0
2022/6/14 13:33,0
2022/6/14 13:33,0
2022/6/14 13:33,0
2022/6/14 13:33,0
2022/6/14 13:33,0
2022/6/14 13:33,0
2022/6/14 13:33,0
2022/6/14 13:33,0
2022/6/14 13:34,0
2022/6/14 13:34,0
2022/6/14 13:34,0
2022/6/14 13:34,0
2022/6/14 13:34,0
2022/6/14 13:34,0
2022/6/14 13:34,0
2022/6/14 13:34,0
2022/6/14 13:34,0
2022/6/14 13:34,0
2022/6/14 13:34,0
2022/6/14 13:34,0
2022/6/14 13:34,0
2022/6/14 13:34,0
2022/6/14 13:34,0
2022/6/14 13:34,0
2022/6/14 13:34,0
2022/6/14 13:34,0
2022/6/14 13:34,0
2022/6/14 13:34,0
2022/6/14 13:34,0
2022/6/14 13:34,0
2022/6/14 13:34,0
2022/6/14 13:34,0
2022/6/14 13:34,0
2022/6/14 13:34,0
2022/6/14 13:34,0
2022/6/14 13:34,0
2022/6/14 13:34,0
2022/6/14 13:34,0
2022/6/14 13:35,0
2022/6/14 13:35,0
2022/6/14 13:35,0
2022/6/14 13:35,0
2022/6/14 13:35,0
2022/6/14 13:35,0
2022/6/14 13:35,0
2022/6/14 13:35,0
2022/6/14 13:35,0
2022/6/14 13:35,0
2022/6/14 13:35,0
2022/6/14 13:35,0
2022/6/14 13:35,0
2022/6/14 13:35,0
2022/6/14 13:35,0
2022/6/14 13:35,0
2022/6/14 13:35,0
2022/6/14 13:35,0
2022/6/14 13:35,0
2022/6/14 13:35,0
2022/6/14 13:35,0
2022/6/14 13:35,0
2022/6/14 13:35,0
2022/6/14 13:35,0
2022/6/14 13:35,0
2022/6/14 13:35,0
2022/6/14 13:35,0
2022/6/14 13:35,0
2022/6/14 13:35,0
2022/6/14 13:35,0
2022/6/14 13:36,0
2022/6/14 13:36,0
2022/6/14 13:36,0
2022/6/14 13:36,0
2022/6/14 13:36,0
2022/6/14 13:36,0
2022/6/14 13:36,0
2022/6/14 13:36,0
2022/6/14 13:36,0
2022/6/14 13:36,0
2022/6/14 13:36,0
2022/6/14 13:36,0
2022/6/14 13:36,0
2022/6/14 13:36,0
2022/6/14 13:36,0
2022/6/14 13:36,0
2022/6/14 13:36,0
2022/6/14 13:36,0
2022/6/14 13:36,0
2022/6/14 13:36,0
2022/6/14 13:36,0
2022/6/14 13:36,0
2022/6/14 13:36,0
2022/6/14 13:36,0
2022/6/14 13:36,0
2022/6/14 13:36,0
2022/6/14 13:36,0
2022/6/14 13:36,0
2022/6/14 13:36,0
2022/6/14 13:36,0
2022/6/14 13:37,0
2022/6/14 13:37,0
2022/6/14 13:37,0
2022/6/14 13:37,0
2022/6/14 13:37,0
2022/6/14 13:37,0
2022/6/14 13:37,0
2022/6/14 13:37,0
2022/6/14 13:37,0
2022/6/14 13:37,0
2022/6/14 13:37,0
2022/6/14 13:37,0
2022/6/14 13:37,0
2022/6/14 13:37,0
2022/6/14 13:37,0
2022/6/14 13:37,0
2022/6/14 13:37,0
2022/6/14 13:37,0
2022/6/14 13:37,0
2022/6/14 13:37,0
2022/6/14 13:37,0
2022/6/14 13:37,0
2022/6/14 13:37,0
2022/6/14 13:37,0
2022/6/14 13:37,0
2022/6/14 13:37,0
2022/6/14 13:37,0
2022/6/14 13:37,0
2022/6/14 13:37,0
2022/6/14 13:37,0
2022/6/14 13:38,0
2022/6/14 13:38,0
2022/6/14 13:38,0
2022/6/14 13:38,0
2022/6/14 13:38,0
2022/6/14 13:38,0
2022/6/14 13:38,0
2022/6/14 13:38,0
2022/6/14 13:38,0
2022/6/14 13:38,0
2022/6/14 13:38,0
2022/6/14 13:38,0
2022/6/14 13:38,0
2022/6/14 13:38,0
2022/6/14 13:38,0
2022/6/14 13:38,0
2022/6/14 13:38,0
2022/6/14 13:38,0
2022/6/14 13:38,0
2022/6/14 13:38,0
2022/6/14 13:38,0
2022/6/14 13:38,0
2022/6/14 13:38,0
2022/6/14 13:38,0
2022/6/14 13:38,0
2022/6/14 13:38,0
2022/6/14 13:38,0
2022/6/14 13:38,0
2022/6/14 13:38,0
2022/6/14 13:38,0
2022/6/14 13:39,0
2022/6/14 13:39,0
2022/6/14 13:39,0
2022/6/14 13:39,0
2022/6/14 13:39,0
2022/6/14 13:39,0
2022/6/14 13:39,0
2022/6/14 13:39,0
2022/6/14 13:39,0
2022/6/14 13:39,0
2022/6/14 13:39,0
2022/6/14 13:39,0
2022/6/14 13:39,0
2022/6/14 13:39,0
2022/6/14 13:39,0
2022/6/14 13:39,0
2022/6/14 13:39,0
2022/6/14 13:39,0
2022/6/14 13:39,0
2022/6/14 13:39,0
2022/6/14 13:39,0
2022/6/14 13:39,0
2022/6/14 13:39,0
2022/6/14 13:39,0
2022/6/14 13:39,0
2022/6/14 13:39,0
2022/6/14 13:39,0
2022/6/14 13:39,0
2022/6/14 13:39,0
2022/6/14 13:39,0
2022/6/14 13:40,0
2022/6/14 13:40,0
2022/6/14 13:40,0
2022/6/14 13:40,0
2022/6/14 13:40,0
2022/6/14 13:40,0
2022/6/14 13:40,0
2022/6/14 13:40,0
2022/6/14 13:40,0
2022/6/14 13:40,0
2022/6/14 13:40,0
2022/6/14 13:40,0
2022/6/14 13:40,0
2022/6/14 13:40,0
2022/6/14 13:40,0
2022/6/14 13:40,0
2022/6/14 13:40,0
2022/6/14 13:40,0
2022/6/14 13:40,0
2022/6/14 13:40,0
2022/6/14 13:40,0
2022/6/14 13:40,0
2022/6/14 13:40,0
2022/6/14 13:40,0
2022/6/14 13:40,0
2022/6/14 13:40,0
2022/6/14 13:40,0
2022/6/14 13:40,0
2022/6/14 13:40,0
2022/6/14 13:40,0
2022/6/14 13:41,0
2022/6/14 13:41,0
2022/6/14 13:41,0
2022/6/14 13:41,0
2022/6/14 13:41,0
2022/6/14 13:41,0
2022/6/14 13:41,0
2022/6/14 13:41,0
2022/6/14 13:41,0
2022/6/14 13:41,0
2022/6/14 13:41,0
2022/6/14 13:41,0
2022/6/14 13:41,0
2022/6/14 13:41,0
2022/6/14 13:41,0
2022/6/14 13:41,0
2022/6/14 13:41,0
2022/6/14 13:41,0
2022/6/14 13:41,0
2022/6/14 13:41,0
2022/6/14 13:41,0
2022/6/14 13:41,0
2022/6/14 13:41,0
2022/6/14 13:41,0
2022/6/14 13:41,0
2022/6/14 13:41,0
2022/6/14 13:41,0
2022/6/14 13:41,0
2022/6/14 13:41,0
2022/6/14 13:41,0
2022/6/14 13:42,0
2022/6/14 13:42,0
2022/6/14 13:42,0
2022/6/14 13:42,0
2022/6/14 13:42,0
2022/6/14 13:42,0
2022/6/14 13:42,0
2022/6/14 13:42,0
2022/6/14 13:42,0
2022/6/14 13:42,0
2022/6/14 13:42,0
2022/6/14 13:42,0
2022/6/14 13:42,0
2022/6/14 13:42,0
2022/6/14 13:42,0
2022/6/14 13:42,0
2022/6/14 13:42,0
2022/6/14 13:42,0
2022/6/14 13:42,0
2022/6/14 13:42,0
2022/6/14 13:42,0
2022/6/14 13:42,0
2022/6/14 13:42,0
2022/6/14 13:42,0
2022/6/14 13:42,0
2022/6/14 13:42,0
2022/6/14 13:42,0
2022/6/14 13:42,0
2022/6/14 13:42,0
2022/6/14 13:42,0
2022/6/14 13:43,0
2022/6/14 13:43,0
2022/6/14 13:43,0
2022/6/14 13:43,0
2022/6/14 13:43,0
2022/6/14 13:43,0
2022/6/14 13:43,0
2022/6/14 13:43,0
2022/6/14 13:43,0
2022/6/14 13:43,0
2022/6/14 13:43,0
2022/6/14 13:43,0
2022/6/14 13:43,0
2022/6/14 13:43,0
2022/6/14 13:43,0
2022/6/14 13:43,0
2022/6/14 13:43,0
2022/6/14 13:43,0
2022/6/14 13:43,0
2022/6/14 13:43,0
2022/6/14 13:43,0
2022/6/14 13:43,0
2022/6/14 13:43,0
2022/6/14 13:43,0
2022/6/14 13:43,0
2022/6/14 13:43,0
2022/6/14 13:43,0
2022/6/14 13:43,0
2022/6/14 13:43,0
2022/6/14 13:43,0
2022/6/14 13:44,0
2022/6/14 13:44,0
2022/6/14 13:44,0
2022/6/14 13:44,0
2022/6/14 13:44,0
2022/6/14 13:44,0
2022/6/14 13:44,0
2022/6/14 13:44,0
2022/6/14 13:44,0
2022/6/14 13:44,0
2022/6/14 13:44,0
2022/6/14 13:44,0
2022/6/14 13:44,0
2022/6/14 13:44,0
2022/6/14 13:44,0
2022/6/14 13:44,0
2022/6/14 13:44,0
2022/6/14 13:44,0
2022/6/14 13:44,0
2022/6/14 13:44,0
2022/6/14 13:44,0
2022/6/14 13:44,0
2022/6/14 13:44,0
2022/6/14 13:44,0
2022/6/14 13:44,0
2022/6/14 13:44,0
2022/6/14 13:44,0
2022/6/14 13:44,0
2022/6/14 13:44,0
2022/6/14 13:44,0
2022/6/14 13:45,0
2022/6/14 13:45,0
2022/6/14 13:45,0
2022/6/14 13:45,0
2022/6/14 13:45,0
2022/6/14 13:45,0
2022/6/14 13:45,0
2022/6/14 13:45,0
2022/6/14 13:45,0
2022/6/14 13:45,0
2022/6/14 13:45,0
2022/6/14 13:45,0
2022/6/14 13:45,0
2022/6/14 13:45,0
2022/6/14 13:45,0
2022/6/14 13:45,0
2022/6/14 13:45,0
2022/6/14 13:45,0
2022/6/14 13:45,0
2022/6/14 13:45,0
2022/6/14 13:45,0
2022/6/14 13:45,0
2022/6/14 13:45,0
2022/6/14 13:45,0
2022/6/14 13:45,0
2022/6/14 13:45,0
2022/6/14 13:45,0
2022/6/14 13:45,0
2022/6/14 13:45,0
2022/6/14 13:45,0
2022/6/14 13:46,0
2022/6/14 13:46,0
2022/6/14 13:46,0
2022/6/14 13:46,0
2022/6/14 13:46,0
2022/6/14 13:46,0
2022/6/14 13:46,0
2022/6/14 13:46,0
2022/6/14 13:46,0
2022/6/14 13:46,0
2022/6/14 13:46,0
2022/6/14 13:46,0
2022/6/14 13:46,0
2022/6/14 13:46,0
2022/6/14 13:46,0
2022/6/14 13:46,0
2022/6/14 13:46,0
2022/6/14 13:46,0
2022/6/14 13:46,0
2022/6/14 13:46,0
2022/6/14 13:46,0
2022/6/14 13:46,0
2022/6/14 13:46,0
2022/6/14 13:46,0
2022/6/14 13:46,0
2022/6/14 13:46,0
2022/6/14 13:46,0
2022/6/14 13:46,0
2022/6/14 13:46,0
2022/6/14 13:46,0
2022/6/14 13:47,0
2022/6/14 13:47,0
2022/6/14 13:47,0
2022/6/14 13:47,0
2022/6/14 13:47,0
2022/6/14 13:47,0
2022/6/14 13:47,0
2022/6/14 13:47,0
2022/6/14 13:47,0
2022/6/14 13:47,0
2022/6/14 13:47,0
2022/6/14 13:47,0
2022/6/14 13:47,0
2022/6/14 13:47,0
2022/6/14 13:47,0
2022/6/14 13:47,0
2022/6/14 13:47,0
2022/6/14 13:47,0
2022/6/14 13:47,0
2022/6/14 13:47,0
2022/6/14 13:47,0
2022/6/14 13:47,0
2022/6/14 13:47,0
2022/6/14 13:47,0
2022/6/14 13:47,0
2022/6/14 13:47,0
2022/6/14 13:47,0
2022/6/14 13:47,0
2022/6/14 13:47,0
2022/6/14 13:47,0
2022/6/14 13:48,0
2022/6/14 13:48,0
2022/6/14 13:48,0
2022/6/14 13:48,0
2022/6/14 13:48,0
2022/6/14 13:48,0
2022/6/14 13:48,0
2022/6/14 13:48,0
2022/6/14 13:48,0
2022/6/14 13:48,0
2022/6/14 13:48,0
2022/6/14 13:48,0
2022/6/14 13:48,0
2022/6/14 13:48,0
2022/6/14 13:48,0
2022/6/14 13:48,0
2022/6/14 13:48,0
2022/6/14 13:48,0
2022/6/14 13:48,0
2022/6/14 13:48,0
2022/6/14 13:48,0
2022/6/14 13:48,0
2022/6/14 13:48,0
2022/6/14 13:48,0
2022/6/14 13:48,0
2022/6/14 13:48,0
2022/6/14 13:48,0
2022/6/14 13:48,0
2022/6/14 13:48,0
2022/6/14 13:48,0
2022/6/14 13:49,0
2022/6/14 13:49,0
2022/6/14 13:49,0
2022/6/14 13:49,0
2022/6/14 13:49,0
2022/6/14 13:49,0
2022/6/14 13:49,0
2022/6/14 13:49,0
2022/6/14 13:49,0
2022/6/14 13:49,0
2022/6/14 13:49,0
2022/6/14 13:49,0
2022/6/14 13:49,0
2022/6/14 13:49,0
2022/6/14 13:49,0
2022/6/14 13:49,0
2022/6/14 13:49,0
2022/6/14 13:49,0
2022/6/14 13:49,0
2022/6/14 13:49,0
2022/6/14 13:49,0
2022/6/14 13:49,0
2022/6/14 13:49,0
2022/6/14 13:49,0
2022/6/14 13:49,0
2022/6/14 13:49,0
2022/6/14 13:49,0
2022/6/14 13:49,0
2022/6/14 13:49,0
2022/6/14 13:49,0
2022/6/14 13:50,0
2022/6/14 13:50,0
2022/6/14 13:50,0
2022/6/14 13:50,0
2022/6/14 13:50,0
2022/6/14 13:50,0
2022/6/14 13:50,0
2022/6/14 13:50,0
2022/6/14 13:50,0
2022/6/14 13:50,0
2022/6/14 13:50,0
2022/6/14 13:50,0
2022/6/14 13:50,0
2022/6/14 13:50,0
2022/6/14 13:50,0
2022/6/14 13:50,0
2022/6/14 13:50,0
2022/6/14 13:50,0
2022/6/14 13:50,0
2022/6/14 13:50,0
2022/6/14 13:50,0
2022/6/14 13:50,0
2022/6/14 13:50,0
2022/6/14 13:50,0
2022/6/14 13:50,0
2022/6/14 13:50,0
2022/6/14 13:50,0
2022/6/14 13:50,0
2022/6/14 13:50,0
2022/6/14 13:50,0
2022/6/14 13:51,0
2022/6/14 13:51,0
2022/6/14 13:51,0
2022/6/14 13:51,0
2022/6/14 13:51,0
2022/6/14 13:51,0
2022/6/14 13:51,0
2022/6/14 13:51,0
2022/6/14 13:51,0
2022/6/14 13:51,0
2022/6/14 13:51,0
2022/6/14 13:51,0
2022/6/14 13:51,0
2022/6/14 13:51,0
2022/6/14 13:51,0
2022/6/14 13:51,0
2022/6/14 13:51,0
2022/6/14 13:51,0
2022/6/14 13:51,0
2022/6/14 13:51,0
2022/6/14 13:51,0
2022/6/14 13:51,0
2022/6/14 13:51,0
2022/6/14 13:51,0
2022/6/14 13:51,0
2022/6/14 13:51,0
2022/6/14 13:51,0
2022/6/14 13:51,0
2022/6/14 13:51,0
2022/6/14 13:51,0
2022/6/14 13:52,0
2022/6/14 13:52,0
2022/6/14 13:52,0
2022/6/14 13:52,0
2022/6/14 13:52,0
2022/6/14 13:52,0
2022/6/14 13:52,0
2022/6/14 13:52,0
2022/6/14 13:52,0
2022/6/14 13:52,0
2022/6/14 13:52,0
2022/6/14 13:52,0
2022/6/14 13:52,0
2022/6/14 13:52,0
2022/6/14 13:52,0
2022/6/14 13:52,0
2022/6/14 13:52,0
2022/6/14 13:52,0
2022/6/14 13:52,0
2022/6/14 13:52,0
2022/6/14 13:52,0
2022/6/14 13:52,0
2022/6/14 13:52,0
2022/6/14 13:52,0
2022/6/14 13:52,0
2022/6/14 13:52,0
2022/6/14 13:52,0
2022/6/14 13:52,0
2022/6/14 13:52,0
2022/6/14 13:52,0
2022/6/14 13:53,0
2022/6/14 13:53,0
2022/6/14 13:53,0
2022/6/14 13:53,0
2022/6/14 13:53,0
2022/6/14 13:53,0
2022/6/14 13:53,0
2022/6/14 13:53,0
2022/6/14 13:53,0
2022/6/14 13:53,0
2022/6/14 13:53,0
2022/6/14 13:53,0
2022/6/14 13:53,0
2022/6/14 13:53,0
2022/6/14 13:53,0
2022/6/14 13:53,0
2022/6/14 13:53,0
2022/6/14 13:53,0
2022/6/14 13:53,0
2022/6/14 13:53,0
2022/6/14 13:53,0
2022/6/14 13:53,0
2022/6/14 13:53,0
2022/6/14 13:53,0
2022/6/14 13:53,0
2022/6/14 13:53,0
2022/6/14 13:53,0
2022/6/14 13:53,0
2022/6/14 13:53,0
2022/6/14 13:53,0
2022/6/14 13:54,0
2022/6/14 13:54,0
2022/6/14 13:54,0
2022/6/14 13:54,0
2022/6/14 13:54,0
2022/6/14 13:54,0
2022/6/14 13:54,0
2022/6/14 13:54,0
2022/6/14 13:54,0
2022/6/14 13:54,0
2022/6/14 13:54,0
2022/6/14 13:54,0
2022/6/14 13:54,0
2022/6/14 13:54,0
2022/6/14 13:54,0
2022/6/14 13:54,0
2022/6/14 13:54,0
2022/6/14 13:54,0
2022/6/14 13:54,0
2022/6/14 13:54,0
2022/6/14 13:54,0
2022/6/14 13:54,0
2022/6/14 13:54,0
2022/6/14 13:54,0
2022/6/14 13:54,0
2022/6/14 13:54,0
2022/6/14 13:54,0
2022/6/14 13:54,0
2022/6/14 13:54,0
2022/6/14 13:54,0
2022/6/14 13:55,0
2022/6/14 13:55,0
2022/6/14 13:55,0
2022/6/14 13:55,0
2022/6/14 13:55,0
2022/6/14 13:55,0
2022/6/14 13:55,0
2022/6/14 13:55,0
2022/6/14 13:55,0
2022/6/14 13:55,0
2022/6/14 13:55,0
2022/6/14 13:55,0
2022/6/14 13:55,0
2022/6/14 13:55,0
2022/6/14 13:55,0
2022/6/14 13:55,0
2022/6/14 13:55,0
2022/6/14 13:55,0
2022/6/14 13:55,0
2022/6/14 13:55,0
2022/6/14 13:55,0
2022/6/14 13:55,0
2022/6/14 13:55,0
2022/6/14 13:55,0
2022/6/14 13:55,0
2022/6/14 13:55,0
2022/6/14 13:55,0
2022/6/14 13:55,0
2022/6/14 13:55,0
2022/6/14 13:55,0
2022/6/14 13:56,0
2022/6/14 13:56,0
2022/6/14 13:56,0
2022/6/14 13:56,0
2022/6/14 13:56,0
2022/6/14 13:56,0
2022/6/14 13:56,0
2022/6/14 13:56,0
2022/6/14 13:56,0
2022/6/14 13:56,0
2022/6/14 13:56,0
2022/6/14 13:56,0
2022/6/14 13:56,0
2022/6/14 13:56,0
2022/6/14 13:56,0
2022/6/14 13:56,0
2022/6/14 13:56,0
2022/6/14 13:56,0
2022/6/14 13:56,0
2022/6/14 13:56,0
2022/6/14 13:56,0
2022/6/14 13:56,0
2022/6/14 13:56,0
2022/6/14 13:56,0
2022/6/14 13:56,0
2022/6/14 13:56,0
2022/6/14 13:56,0
2022/6/14 13:56,0
2022/6/14 13:56,0
2022/6/14 13:56,0
2022/6/14 13:57,0
2022/6/14 13:57,0
2022/6/14 13:57,0
2022/6/14 13:57,0
2022/6/14 13:57,0
2022/6/14 13:57,0
2022/6/14 13:57,0
2022/6/14 13:57,0
2022/6/14 13:57,0
2022/6/14 13:57,0
2022/6/14 13:57,0
2022/6/14 13:57,0
2022/6/14 13:57,0
2022/6/14 13:57,0
2022/6/14 13:57,0
2022/6/14 13:57,0
2022/6/14 13:57,0
2022/6/14 13:57,0
2022/6/14 13:57,0
2022/6/14 13:57,0
2022/6/14 13:57,0
2022/6/14 13:57,0
2022/6/14 13:57,0
2022/6/14 13:57,0
2022/6/14 13:57,0
2022/6/14 13:57,0
2022/6/14 13:57,0
2022/6/14 13:57,0
2022/6/14 13:57,0
2022/6/14 13:57,0
2022/6/14 13:58,0
2022/6/14 13:58,0
2022/6/14 13:58,0
2022/6/14 13:58,0
2022/6/14 13:58,0
2022/6/14 13:58,0
2022/6/14 13:58,0
2022/6/14 13:58,0
2022/6/14 13:58,0
2022/6/14 13:58,0
2022/6/14 13:58,0
2022/6/14 13:58,0
2022/6/14 13:58,0
2022/6/14 13:58,0
2022/6/14 13:58,0
2022/6/14 13:58,0
2022/6/14 13:58,0
2022/6/14 13:58,0
2022/6/14 13:58,0
2022/6/14 13:58,0
2022/6/14 13:58,0
2022/6/14 13:58,0
2022/6/14 13:58,0
2022/6/14 13:58,0
2022/6/14 13:58,0
2022/6/14 13:58,0
2022/6/14 13:58,0
2022/6/14 13:58,0
2022/6/14 13:58,0
2022/6/14 13:58,0
2022/6/14 13:59,0
2022/6/14 13:59,0
2022/6/14 13:59,0
2022/6/14 13:59,0
2022/6/14 13:59,0
2022/6/14 13:59,0
2022/6/14 13:59,0
2022/6/14 13:59,0
2022/6/14 13:59,0
2022/6/14 13:59,0
2022/6/14 13:59,0
2022/6/14 13:59,0
2022/6/14 13:59,0
2022/6/14 13:59,0
2022/6/14 13:59,0
2022/6/14 13:59,0
2022/6/14 13:59,0
2022/6/14 13:59,0
2022/6/14 13:59,0
2022/6/14 13:59,0
2022/6/14 13:59,0
2022/6/14 13:59,0
2022/6/14 13:59,0
2022/6/14 13:59,0
2022/6/14 13:59,0
2022/6/14 13:59,0
2022/6/14 13:59,0
2022/6/14 13:59,0
2022/6/14 13:59,0
2022/6/14 13:59,0
2022/6/14 14:00,0
2022/6/14 14:00,0
2022/6/14 14:00,0
2022/6/14 14:00,0
2022/6/14 14:00,0
2022/6/14 14:00,0
2022/6/14 14:00,0
2022/6/14 14:00,0
2022/6/14 14:00,0
2022/6/14 14:00,0
2022/6/14 14:00,0
2022/6/14 14:00,0
2022/6/14 14:00,0
2022/6/14 14:00,0
2022/6/14 14:00,0
2022/6/14 14:00,0
2022/6/14 14:00,0
2022/6/14 14:00,0
2022/6/14 14:00,0
2022/6/14 14:00,0
2022/6/14 14:00,0
2022/6/14 14:00,0
2022/6/14 14:00,0
2022/6/14 14:00,0
2022/6/14 14:00,0
2022/6/14 14:00,0
2022/6/14 14:00,0
2022/6/14 14:00,0
2022/6/14 14:00,0
2022/6/14 14:00,0
2022/6/14 14:01,0
2022/6/14 14:01,0
2022/6/14 14:01,0
2022/6/14 14:01,0
2022/6/14 14:01,0
2022/6/14 14:01,0
2022/6/14 14:01,0
2022/6/14 14:01,0
2022/6/14 14:01,0
2022/6/14 14:01,0
2022/6/14 14:01,0
2022/6/14 14:01,0
2022/6/14 14:01,0
2022/6/14 14:01,0
2022/6/14 14:01,0
2022/6/14 14:01,0
2022/6/14 14:01,0
2022/6/14 14:01,0
2022/6/14 14:01,0
2022/6/14 14:01,0
2022/6/14 14:01,0
2022/6/14 14:01,0
2022/6/14 14:01,0
2022/6/14 14:01,0
2022/6/14 14:01,0
2022/6/14 14:01,0
2022/6/14 14:01,0
2022/6/14 14:01,0
2022/6/14 14:01,0
2022/6/14 14:01,0
2022/6/14 14:02,0
2022/6/14 14:02,0
2022/6/14 14:02,0
2022/6/14 14:02,0
2022/6/14 14:02,0
2022/6/14 14:02,0
2022/6/14 14:02,0
2022/6/14 14:02,0
2022/6/14 14:02,0
2022/6/14 14:02,0
2022/6/14 14:02,0
2022/6/14 14:02,0
2022/6/14 14:02,0
2022/6/14 14:02,0
2022/6/14 14:02,0
2022/6/14 14:02,0
2022/6/14 14:02,0
2022/6/14 14:02,0
2022/6/14 14:02,0
2022/6/14 14:02,0
2022/6/14 14:02,0
2022/6/14 14:02,0
2022/6/14 14:02,0
2022/6/14 14:02,0
2022/6/14 14:02,0
2022/6/14 14:02,0
2022/6/14 14:02,0
2022/6/14 14:02,0
2022/6/14 14:02,0
2022/6/14 14:02,0
2022/6/14 14:03,0
2022/6/14 14:03,0
2022/6/14 14:03,0
2022/6/14 14:03,0
2022/6/14 14:03,0
2022/6/14 14:03,0
2022/6/14 14:03,0
2022/6/14 14:03,0
2022/6/14 14:03,0
2022/6/14 14:03,0
2022/6/14 14:03,0
2022/6/14 14:03,0
2022/6/14 14:03,0
2022/6/14 14:03,0
2022/6/14 14:03,0
2022/6/14 14:03,0
2022/6/14 14:03,0
2022/6/14 14:03,0
2022/6/14 14:03,0
2022/6/14 14:03,0
2022/6/14 14:03,0
2022/6/14 14:03,0
2022/6/14 14:03,0
2022/6/14 14:03,0
2022/6/14 14:03,0
2022/6/14 14:03,0
2022/6/14 14:03,0
2022/6/14 14:03,0
2022/6/14 14:03,0
2022/6/14 14:03,0
2022/6/14 14:04,0
2022/6/14 14:04,0
2022/6/14 14:04,0
2022/6/14 14:04,0
2022/6/14 14:04,0
2022/6/14 14:04,0
2022/6/14 14:04,0
2022/6/14 14:04,0
2022/6/14 14:04,0
2022/6/14 14:04,0
2022/6/14 14:04,0
2022/6/14 14:04,0
2022/6/14 14:04,0
2022/6/14 14:04,0
2022/6/14 14:04,0
2022/6/14 14:04,0
2022/6/14 14:04,0
2022/6/14 14:04,0
2022/6/14 14:04,0
2022/6/14 14:04,0
2022/6/14 14:04,0
2022/6/14 14:04,0
2022/6/14 14:04,0
2022/6/14 14:04,0
2022/6/14 14:04,0
2022/6/14 14:04,0
2022/6/14 14:04,0
2022/6/14 14:04,0
2022/6/14 14:04,0
2022/6/14 14:04,0
2022/6/14 14:05,0
2022/6/14 14:05,0
2022/6/14 14:05,0
2022/6/14 14:05,0
2022/6/14 14:05,0
2022/6/14 14:05,0
2022/6/14 14:05,0
2022/6/14 14:05,0
2022/6/14 14:05,0
2022/6/14 14:05,0
2022/6/14 14:05,0
2022/6/14 14:05,0
2022/6/14 14:05,0
2022/6/14 14:05,0
2022/6/14 14:05,0
2022/6/14 14:05,0
2022/6/14 14:05,0
2022/6/14 14:05,0
2022/6/14 14:05,0
2022/6/14 14:05,0
2022/6/14 14:05,0
2022/6/14 14:05,0
2022/6/14 14:05,0
2022/6/14 14:05,0
2022/6/14 14:05,0
2022/6/14 14:05,0
2022/6/14 14:05,0
2022/6/14 14:05,0
2022/6/14 14:05,0
2022/6/14 14:05,0
2022/6/14 14:06,0
2022/6/14 14:06,0
2022/6/14 14:06,0
2022/6/14 14:06,0
2022/6/14 14:06,0
2022/6/14 14:06,0
2022/6/14 14:06,0
2022/6/14 14:06,0
2022/6/14 14:06,0
2022/6/14 14:06,0
2022/6/14 14:06,0
2022/6/14 14:06,0
2022/6/14 14:06,0
2022/6/14 14:06,0
2022/6/14 14:06,0
2022/6/14 14:06,0
2022/6/14 14:06,0
2022/6/14 14:06,0
2022/6/14 14:06,0
2022/6/14 14:06,0
2022/6/14 14:06,0
2022/6/14 14:06,0
2022/6/14 14:06,0
2022/6/14 14:06,0
2022/6/14 14:06,0
2022/6/14 14:06,0
2022/6/14 14:06,0
2022/6/14 14:06,0
2022/6/14 14:06,0
2022/6/14 14:06,0
2022/6/14 14:07,0
2022/6/14 14:07,0
2022/6/14 14:07,0
2022/6/14 14:07,0
2022/6/14 14:07,0
2022/6/14 14:07,0
2022/6/14 14:07,0
2022/6/14 14:07,0
2022/6/14 14:07,0
2022/6/14 14:07,0
2022/6/14 14:07,0
2022/6/14 14:07,0
2022/6/14 14:07,0
2022/6/14 14:07,0
2022/6/14 14:07,0
2022/6/14 14:07,0
2022/6/14 14:07,0
2022/6/14 14:07,0
2022/6/14 14:07,0
2022/6/14 14:07,0
2022/6/14 14:07,0
2022/6/14 14:07,0
2022/6/14 14:07,0
2022/6/14 14:07,0
2022/6/14 14:07,0
2022/6/14 14:07,0
2022/6/14 14:07,0
2022/6/14 14:07,0
2022/6/14 14:07,0
2022/6/14 14:07,0
2022/6/14 14:08,0
2022/6/14 14:08,0
2022/6/14 14:08,0
2022/6/14 14:08,0
2022/6/14 14:08,0
2022/6/14 14:08,0
2022/6/14 14:08,0
2022/6/14 14:08,0
2022/6/14 14:08,0
2022/6/14 14:08,0
2022/6/14 14:08,0
2022/6/14 14:08,0
2022/6/14 14:08,0
2022/6/14 14:08,0
2022/6/14 14:08,0
2022/6/14 14:08,0
2022/6/14 14:08,0
2022/6/14 14:08,0
2022/6/14 14:08,0
2022/6/14 14:08,0
2022/6/14 14:08,0
2022/6/14 14:08,0
2022/6/14 14:08,0
2022/6/14 14:08,0
2022/6/14 14:08,0
2022/6/14 14:08,0
2022/6/14 14:08,0
2022/6/14 14:08,0
2022/6/14 14:08,0
2022/6/14 14:08,0
2022/6/14 14:09,0
2022/6/14 14:09,0
2022/6/14 14:09,0
2022/6/14 14:09,0
2022/6/14 14:09,0
2022/6/14 14:09,0
2022/6/14 14:09,0
2022/6/14 14:09,0
2022/6/14 14:09,0
2022/6/14 14:09,0
2022/6/14 14:09,0
2022/6/14 14:09,0
2022/6/14 14:09,0
2022/6/14 14:09,0
2022/6/14 14:09,0
2022/6/14 14:09,0
2022/6/14 14:09,0
2022/6/14 14:09,0
2022/6/14 14:09,0
2022/6/14 14:09,0
2022/6/14 14:09,0
2022/6/14 14:09,0
2022/6/14 14:09,0
2022/6/14 14:09,0
2022/6/14 14:09,0
2022/6/14 14:09,0
2022/6/14 14:09,0
2022/6/14 14:09,0
2022/6/14 14:09,0
2022/6/14 14:09,0
2022/6/14 14:10,0
2022/6/14 14:10,0
2022/6/14 14:10,0
2022/6/14 14:10,0
2022/6/14 14:10,0
2022/6/14 14:10,0
2022/6/14 14:10,0
2022/6/14 14:10,0
2022/6/14 14:10,0
2022/6/14 14:10,0
2022/6/14 14:10,0
2022/6/14 14:10,0
2022/6/14 14:10,0
2022/6/14 14:10,0
2022/6/14 14:10,0
2022/6/14 14:10,0
2022/6/14 14:10,0
2022/6/14 14:10,0
2022/6/14 14:10,0
2022/6/14 14:10,0
2022/6/14 14:10,0
2022/6/14 14:10,0
2022/6/14 14:10,0
2022/6/14 14:10,0
2022/6/14 14:10,0
2022/6/14 14:10,0
2022/6/14 14:10,0
2022/6/14 14:10,0
2022/6/14 14:10,0
2022/6/14 14:10,0
2022/6/14 14:11,0
2022/6/14 14:11,0
2022/6/14 14:11,0
2022/6/14 14:11,0
2022/6/14 14:11,0
2022/6/14 14:11,0
2022/6/14 14:11,0
2022/6/14 14:11,0
2022/6/14 14:11,0
2022/6/14 14:11,0
2022/6/14 14:11,0
2022/6/14 14:11,0
2022/6/14 14:11,0
2022/6/14 14:11,0
2022/6/14 14:11,0
2022/6/14 14:11,0
2022/6/14 14:11,0
2022/6/14 14:11,0
2022/6/14 14:11,0
2022/6/14 14:11,0
2022/6/14 14:11,0
2022/6/14 14:11,0
2022/6/14 14:11,0
2022/6/14 14:11,0
2022/6/14 14:11,0
2022/6/14 14:11,0
2022/6/14 14:11,0
2022/6/14 14:11,0
2022/6/14 14:11,0
2022/6/14 14:11,0
2022/6/14 14:12,0
2022/6/14 14:12,0
2022/6/14 14:12,0
2022/6/14 14:12,0
2022/6/14 14:12,0
2022/6/14 14:12,0
2022/6/14 14:12,0
2022/6/14 14:12,0
2022/6/14 14:12,0
2022/6/14 14:12,0
2022/6/14 14:12,0
2022/6/14 14:12,0
2022/6/14 14:12,0
2022/6/14 14:12,0
2022/6/14 14:12,0
2022/6/14 14:12,0
2022/6/14 14:12,0
2022/6/14 14:12,0
2022/6/14 14:12,0
2022/6/14 14:12,0
2022/6/14 14:12,0
2022/6/14 14:12,0
2022/6/14 14:12,0
2022/6/14 14:12,0
2022/6/14 14:12,0
2022/6/14 14:12,0
2022/6/14 14:12,0
2022/6/14 14:12,0
2022/6/14 14:12,0
2022/6/14 14:12,0
2022/6/14 14:13,0
2022/6/14 14:13,0
2022/6/14 14:13,0
2022/6/14 14:13,0
2022/6/14 14:13,0
2022/6/14 14:13,0
2022/6/14 14:13,0
2022/6/14 14:13,0
2022/6/14 14:13,0
2022/6/14 14:13,0
2022/6/14 14:13,0
2022/6/14 14:13,0
2022/6/14 14:13,0
2022/6/14 14:13,0
2022/6/14 14:13,0
2022/6/14 14:13,0
2022/6/14 14:13,0
2022/6/14 14:13,0
2022/6/14 14:13,0
2022/6/14 14:13,0
2022/6/14 14:13,0
2022/6/14 14:13,0
2022/6/14 14:13,0
2022/6/14 14:13,0
2022/6/14 14:13,0
2022/6/14 14:13,0
2022/6/14 14:13,0
2022/6/14 14:13,0
2022/6/14 14:13,0
2022/6/14 14:13,0
2022/6/14 14:14,0
2022/6/14 14:14,0
2022/6/14 14:14,0
2022/6/14 14:14,0
2022/6/14 14:14,0
2022/6/14 14:14,0
2022/6/14 14:14,0
2022/6/14 14:14,0
2022/6/14 14:14,0
2022/6/14 14:14,0
2022/6/14 14:14,0
2022/6/14 14:14,0
2022/6/14 14:14,0
2022/6/14 14:14,0
2022/6/14 14:14,0
2022/6/14 14:14,0
2022/6/14 14:14,0
2022/6/14 14:14,0
2022/6/14 14:14,0
2022/6/14 14:14,0
2022/6/14 14:14,0
2022/6/14 14:14,0
2022/6/14 14:14,0
2022/6/14 14:14,0
2022/6/14 14:14,0
2022/6/14 14:14,0
2022/6/14 14:14,0
2022/6/14 14:14,0
2022/6/14 14:14,0
2022/6/14 14:14,0
2022/6/14 14:15,0
2022/6/14 14:15,0
2022/6/14 14:15,0
2022/6/14 14:15,0
2022/6/14 14:15,0
2022/6/14 14:15,0
2022/6/14 14:15,0
2022/6/14 14:15,0
2022/6/14 14:15,0
2022/6/14 14:15,0
2022/6/14 14:15,0
2022/6/14 14:15,0
2022/6/14 14:15,0
2022/6/14 14:15,0
2022/6/14 14:15,0
2022/6/14 14:15,0
2022/6/14 14:15,0
2022/6/14 14:15,0
2022/6/14 14:15,0
2022/6/14 14:15,0
2022/6/14 14:15,0
2022/6/14 14:15,0
2022/6/14 14:15,0
2022/6/14 14:15,0
2022/6/14 14:15,0
2022/6/14 14:15,0
2022/6/14 14:15,0
2022/6/14 14:15,0
2022/6/14 14:15,0
2022/6/14 14:15,0
2022/6/14 14:16,0
2022/6/14 14:16,0
2022/6/14 14:16,0
2022/6/14 14:16,0
2022/6/14 14:16,0
2022/6/14 14:16,0
2022/6/14 14:16,0
2022/6/14 14:16,0
2022/6/14 14:16,0
2022/6/14 14:16,0
2022/6/14 14:16,0
2022/6/14 14:16,0
2022/6/14 14:16,0
2022/6/14 14:16,0
2022/6/14 14:16,0
2022/6/14 14:16,0
2022/6/14 14:16,0
2022/6/14 14:16,0
2022/6/14 14:16,0
2022/6/14 14:16,0
2022/6/14 14:16,0
2022/6/14 14:16,0
2022/6/14 14:16,0
2022/6/14 14:16,0
2022/6/14 14:16,0
2022/6/14 14:16,0
2022/6/14 14:16,0
2022/6/14 14:16,0
2022/6/14 14:16,0
2022/6/14 14:16,0
2022/6/14 14:17,0
2022/6/14 14:17,0
2022/6/14 14:17,0
2022/6/14 14:17,0
2022/6/14 14:17,0
2022/6/14 14:17,0
2022/6/14 14:17,0
2022/6/14 14:17,0
2022/6/14 14:17,0
2022/6/14 14:17,0
2022/6/14 14:17,0
2022/6/14 14:17,0
2022/6/14 14:17,0
2022/6/14 14:17,0
2022/6/14 14:17,0
2022/6/14 14:17,0
2022/6/14 14:17,0
2022/6/14 14:17,0
2022/6/14 14:17,0
2022/6/14 14:17,0
2022/6/14 14:17,0
2022/6/14 14:17,0
2022/6/14 14:17,0
2022/6/14 14:17,0
2022/6/14 14:17,0
2022/6/14 14:17,0
2022/6/14 14:17,0
2022/6/14 14:17,0
2022/6/14 14:17,0
2022/6/14 14:17,0
2022/6/14 14:18,0
2022/6/14 14:18,0
2022/6/14 14:18,0
2022/6/14 14:18,0
2022/6/14 14:18,0
2022/6/14 14:18,0
2022/6/14 14:18,0
2022/6/14 14:18,0
2022/6/14 14:18,0
2022/6/14 14:18,0
2022/6/14 14:18,0
2022/6/14 14:18,0
2022/6/14 14:18,0
2022/6/14 14:18,0
2022/6/14 14:18,0
2022/6/14 14:18,0
2022/6/14 14:18,0
2022/6/14 14:18,0
2022/6/14 14:18,0
2022/6/14 14:18,0
2022/6/14 14:18,0
2022/6/14 14:18,0
2022/6/14 14:18,0
2022/6/14 14:18,0
2022/6/14 14:18,0
2022/6/14 14:18,0
2022/6/14 14:18,0
2022/6/14 14:18,0
2022/6/14 14:18,0
2022/6/14 14:18,0
2022/6/14 14:19,0
2022/6/14 14:19,0
2022/6/14 14:19,0
2022/6/14 14:19,0
2022/6/14 14:19,0
2022/6/14 14:19,0
2022/6/14 14:19,0
2022/6/14 14:19,0
2022/6/14 14:19,0
2022/6/14 14:19,0
2022/6/14 14:19,0
2022/6/14 14:19,0
2022/6/14 14:19,0
2022/6/14 14:19,0
2022/6/14 14:19,0
2022/6/14 14:19,0
2022/6/14 14:19,0
2022/6/14 14:19,0
2022/6/14 14:19,0
2022/6/14 14:19,0
2022/6/14 14:19,0
2022/6/14 14:19,0
2022/6/14 14:19,0
2022/6/14 14:19,0
2022/6/14 14:19,0
2022/6/14 14:19,0
2022/6/14 14:19,0
2022/6/14 14:19,0
2022/6/14 14:19,0
2022/6/14 14:19,0
2022/6/14 14:20,0
2022/6/14 14:20,0
2022/6/14 14:20,0
2022/6/14 14:20,0
2022/6/14 14:20,0
2022/6/14 14:20,0
2022/6/14 14:20,0
2022/6/14 14:20,0
2022/6/14 14:20,0
2022/6/14 14:20,0
2022/6/14 14:20,0
2022/6/14 14:20,0
2022/6/14 14:20,0
2022/6/14 14:20,0
2022/6/14 14:20,0
2022/6/14 14:20,0
2022/6/14 14:20,0
2022/6/14 14:20,0
2022/6/14 14:20,0
2022/6/14 14:20,0
2022/6/14 14:20,0
2022/6/14 14:20,0
2022/6/14 14:20,0
2022/6/14 14:20,0
2022/6/14 14:20,0
2022/6/14 14:20,0
2022/6/14 14:20,0
2022/6/14 14:20,0
2022/6/14 14:20,0
2022/6/14 14:20,0
2022/6/14 14:21,0
2022/6/14 14:21,0
2022/6/14 14:21,0
2022/6/14 14:21,0
2022/6/14 14:21,0
2022/6/14 14:21,0
2022/6/14 14:21,0
2022/6/14 14:21,0
2022/6/14 14:21,0
2022/6/14 14:21,0
2022/6/14 14:21,0
2022/6/14 14:21,0
2022/6/14 14:21,0
2022/6/14 14:21,0
2022/6/14 14:21,0
2022/6/14 14:21,0
2022/6/14 14:21,0
2022/6/14 14:21,0
2022/6/14 14:21,0
2022/6/14 14:21,0
2022/6/14 14:21,0
2022/6/14 14:21,0
2022/6/14 14:21,0
2022/6/14 14:21,0
2022/6/14 14:21,0
2022/6/14 14:21,0
2022/6/14 14:21,0
2022/6/14 14:21,0
2022/6/14 14:21,0
2022/6/14 14:21,0
2022/6/14 14:22,0
2022/6/14 14:22,0
2022/6/14 14:22,0
2022/6/14 14:22,0
2022/6/14 14:22,0
2022/6/14 14:22,0
2022/6/14 14:22,0
2022/6/14 14:22,0
2022/6/14 14:22,0
2022/6/14 14:22,0
2022/6/14 14:22,0
2022/6/14 14:22,0
2022/6/14 14:22,0
2022/6/14 14:22,0
2022/6/14 14:22,0
2022/6/14 14:22,0
2022/6/14 14:22,0
2022/6/14 14:22,0
2022/6/14 14:22,0
2022/6/14 14:22,0
2022/6/14 14:22,0
2022/6/14 14:22,0
2022/6/14 14:22,0
2022/6/14 14:22,0
2022/6/14 14:22,0
2022/6/14 14:22,0
2022/6/14 14:22,0
2022/6/14 14:22,0
2022/6/14 14:22,0
2022/6/14 14:22,0
2022/6/14 14:23,0
2022/6/14 14:23,0
2022/6/14 14:23,0
2022/6/14 14:23,0
2022/6/14 14:23,0
2022/6/14 14:23,0
2022/6/14 14:23,0
2022/6/14 14:23,0
2022/6/14 14:23,0
2022/6/14 14:23,0
2022/6/14 14:23,0
2022/6/14 14:23,0
2022/6/14 14:23,0
2022/6/14 14:23,0
2022/6/14 14:23,0
2022/6/14 14:23,0
2022/6/14 14:23,0
2022/6/14 14:23,0
2022/6/14 14:23,0
2022/6/14 14:23,0
2022/6/14 14:23,0
2022/6/14 14:23,0
2022/6/14 14:23,0
2022/6/14 14:23,0
2022/6/14 14:23,0
2022/6/14 14:23,0
2022/6/14 14:23,0
2022/6/14 14:23,0
2022/6/14 14:23,0
2022/6/14 14:23,0
2022/6/14 14:24,0
2022/6/14 14:24,0
2022/6/14 14:24,0
2022/6/14 14:24,0
2022/6/14 14:24,0
2022/6/14 14:24,0
2022/6/14 14:24,0
2022/6/14 14:24,0
2022/6/14 14:24,0
2022/6/14 14:24,0
2022/6/14 14:24,0
2022/6/14 14:24,0
2022/6/14 14:24,0
2022/6/14 14:24,0
2022/6/14 14:24,0
2022/6/14 14:24,0
2022/6/14 14:24,0
2022/6/14 14:24,0
2022/6/14 14:24,0
2022/6/14 14:24,0
2022/6/14 14:24,0
2022/6/14 14:24,0
2022/6/14 14:24,0
2022/6/14 14:24,0
2022/6/14 14:24,0
2022/6/14 14:24,0
2022/6/14 14:24,0
2022/6/14 14:24,0
2022/6/14 14:24,0
2022/6/14 14:24,0
2022/6/14 14:25,0
2022/6/14 14:25,0
2022/6/14 14:25,0
2022/6/14 14:25,0
2022/6/14 14:25,0
2022/6/14 14:25,0
2022/6/14 14:25,0
2022/6/14 14:25,0
2022/6/14 14:25,0
2022/6/14 14:25,0
2022/6/14 14:25,0
2022/6/14 14:25,0
2022/6/14 14:25,0
2022/6/14 14:25,0
2022/6/14 14:25,0
2022/6/14 14:25,0
2022/6/14 14:25,0
2022/6/14 14:25,0
2022/6/14 14:25,0
2022/6/14 14:25,0
2022/6/14 14:25,0
2022/6/14 14:25,0
2022/6/14 14:25,0
2022/6/14 14:25,0
2022/6/14 14:25,0
2022/6/14 14:25,0
2022/6/14 14:25,0
2022/6/14 14:25,0
2022/6/14 14:25,0
2022/6/14 14:25,0
2022/6/14 14:26,0
2022/6/14 14:26,0
2022/6/14 14:26,0
2022/6/14 14:26,0
2022/6/14 14:26,0
2022/6/14 14:26,0
2022/6/14 14:26,0
2022/6/14 14:26,0
2022/6/14 14:26,0
2022/6/14 14:26,0
2022/6/14 14:26,0
2022/6/14 14:26,0
2022/6/14 14:26,0
2022/6/14 14:26,0
2022/6/14 14:26,0
2022/6/14 14:26,0
2022/6/14 14:26,0
2022/6/14 14:26,0
2022/6/14 14:26,0
2022/6/14 14:26,0
2022/6/14 14:26,0
2022/6/14 14:26,0
2022/6/14 14:26,0
2022/6/14 14:26,0
2022/6/14 14:26,0
2022/6/14 14:26,0
2022/6/14 14:26,0
2022/6/14 14:26,0
2022/6/14 14:26,0
2022/6/14 14:26,0
2022/6/14 14:27,0
2022/6/14 14:27,0
2022/6/14 14:27,0
2022/6/14 14:27,0
2022/6/14 14:27,0
2022/6/14 14:27,0
2022/6/14 14:27,0
2022/6/14 14:27,0
2022/6/14 14:27,0
2022/6/14 14:27,0
2022/6/14 14:27,0
2022/6/14 14:27,0
2022/6/14 14:27,0
2022/6/14 14:27,0
2022/6/14 14:27,0
2022/6/14 14:27,0
2022/6/14 14:27,0
2022/6/14 14:27,0
2022/6/14 14:27,0
2022/6/14 14:27,0
2022/6/14 14:27,0
2022/6/14 14:27,0
2022/6/14 14:27,0
2022/6/14 14:27,0
2022/6/14 14:27,0
2022/6/14 14:27,0
2022/6/14 14:27,0
2022/6/14 14:27,0
2022/6/14 14:27,0
2022/6/14 14:27,0
2022/6/14 14:28,0
2022/6/14 14:28,0
2022/6/14 14:28,0
2022/6/14 14:28,0
2022/6/14 14:28,0
2022/6/14 14:28,0
2022/6/14 14:28,0
2022/6/14 14:28,0
2022/6/14 14:28,0
2022/6/14 14:28,0
2022/6/14 14:28,0
2022/6/14 14:28,0
2022/6/14 14:28,0
2022/6/14 14:28,0
2022/6/14 14:28,0
2022/6/14 14:28,0
2022/6/14 14:28,0
2022/6/14 14:28,0
2022/6/14 14:28,0
2022/6/14 14:28,0
2022/6/14 14:28,0
2022/6/14 14:28,0
2022/6/14 14:28,0
2022/6/14 14:28,0
2022/6/14 14:28,0
2022/6/14 14:28,0
2022/6/14 14:28,0
2022/6/14 14:28,0
2022/6/14 14:28,0
2022/6/14 14:28,0
2022/6/14 14:29,0
2022/6/14 14:29,0
2022/6/14 14:29,0
2022/6/14 14:29,0
2022/6/14 14:29,0
2022/6/14 14:29,0
2022/6/14 14:29,0
2022/6/14 14:29,0
2022/6/14 14:29,0
2022/6/14 14:29,0
2022/6/14 14:29,0
2022/6/14 14:29,0
2022/6/14 14:29,0
2022/6/14 14:29,0
2022/6/14 14:29,0
2022/6/14 14:29,0
2022/6/14 14:29,0
2022/6/14 14:29,0
2022/6/14 14:29,0
2022/6/14 14:29,0
2022/6/14 14:29,0
2022/6/14 14:29,0
2022/6/14 14:29,0
2022/6/14 14:29,0
2022/6/14 14:29,0
2022/6/14 14:29,0
2022/6/14 14:29,0
2022/6/14 14:29,0
2022/6/14 14:29,0
2022/6/14 14:29,0
2022/6/14 14:30,0
2022/6/14 14:30,0
2022/6/14 14:30,0
2022/6/14 14:30,0
2022/6/14 14:30,0
2022/6/14 14:30,0
2022/6/14 14:30,0
2022/6/14 14:30,0
2022/6/14 14:30,0
2022/6/14 14:30,0
2022/6/14 14:30,0
2022/6/14 14:30,0
2022/6/14 14:30,0
2022/6/14 14:30,0
2022/6/14 14:30,0
2022/6/14 14:30,0
2022/6/14 14:30,0
2022/6/14 14:30,0
2022/6/14 14:30,0
2022/6/14 14:30,0
2022/6/14 14:30,0
2022/6/14 14:30,0
2022/6/14 14:30,0
2022/6/14 14:30,0
2022/6/14 14:30,0
2022/6/14 14:30,0
2022/6/14 14:30,0
2022/6/14 14:30,0
2022/6/14 14:30,0
2022/6/14 14:30,0
2022/6/14 14:31,0
2022/6/14 14:31,0
2022/6/14 14:31,0
2022/6/14 14:31,0
2022/6/14 14:31,0
2022/6/14 14:31,0
2022/6/14 14:31,0
2022/6/14 14:31,0
2022/6/14 14:31,0
2022/6/14 14:31,0
2022/6/14 14:31,0
2022/6/14 14:31,0
2022/6/14 14:31,0
2022/6/14 14:31,0
2022/6/14 14:31,0
2022/6/14 14:31,0
2022/6/14 14:31,0
2022/6/14 14:31,0
2022/6/14 14:31,0
2022/6/14 14:31,0
2022/6/14 14:31,0
2022/6/14 14:31,0
2022/6/14 14:31,0
2022/6/14 14:31,0
2022/6/14 14:31,0
2022/6/14 14:31,0
2022/6/14 14:31,0
2022/6/14 14:31,0
2022/6/14 14:31,0
2022/6/14 14:31,0
2022/6/14 14:32,0
2022/6/14 14:32,0
2022/6/14 14:32,0
2022/6/14 14:32,0
2022/6/14 14:32,0
2022/6/14 14:32,0
2022/6/14 14:32,0
2022/6/14 14:32,0
2022/6/14 14:32,0
2022/6/14 14:32,0
2022/6/14 14:32,0
2022/6/14 14:32,0
2022/6/14 14:32,0
2022/6/14 14:32,0
2022/6/14 14:32,0
2022/6/14 14:32,0
2022/6/14 14:32,0
2022/6/14 14:32,0
2022/6/14 14:32,0
2022/6/14 14:32,0
2022/6/14 14:32,0
2022/6/14 14:32,0
2022/6/14 14:32,0
2022/6/14 14:32,0
2022/6/14 14:32,0
2022/6/14 14:32,0
2022/6/14 14:32,0
2022/6/14 14:32,0
2022/6/14 14:32,0
2022/6/14 14:32,0
2022/6/14 14:33,0
2022/6/14 14:33,0
2022/6/14 14:33,0
2022/6/14 14:33,0
2022/6/14 14:33,0
2022/6/14 14:33,0
2022/6/14 14:33,0
2022/6/14 14:33,0
2022/6/14 14:33,0
2022/6/14 14:33,0
2022/6/14 14:33,0
2022/6/14 14:33,0
2022/6/14 14:33,0
2022/6/14 14:33,0
2022/6/14 14:33,0
2022/6/14 14:33,0
2022/6/14 14:33,0
2022/6/14 14:33,0
2022/6/14 14:33,0
2022/6/14 14:33,0
2022/6/14 14:33,0
2022/6/14 14:33,0
2022/6/14 14:33,0
2022/6/14 14:33,0
2022/6/14 14:33,0
2022/6/14 14:33,0
2022/6/14 14:33,0
2022/6/14 14:33,0
2022/6/14 14:33,0
2022/6/14 14:33,0
2022/6/14 14:34,0
2022/6/14 14:34,0
2022/6/14 14:34,0
2022/6/14 14:34,0
2022/6/14 14:34,0
2022/6/14 14:34,0
2022/6/14 14:34,0
2022/6/14 14:34,0
2022/6/14 14:34,0
2022/6/14 14:34,0
2022/6/14 14:34,0
2022/6/14 14:34,0
2022/6/14 14:34,0
2022/6/14 14:34,0
2022/6/14 14:34,0
2022/6/14 14:34,0
2022/6/14 14:34,0
2022/6/14 14:34,0
2022/6/14 14:34,0
2022/6/14 14:34,0
2022/6/14 14:34,0
2022/6/14 14:34,0
2022/6/14 14:34,0
2022/6/14 14:34,0
2022/6/14 14:34,0
2022/6/14 14:34,0
2022/6/14 14:34,0
2022/6/14 14:34,0
2022/6/14 14:34,0
2022/6/14 14:34,0
2022/6/14 14:35,0
2022/6/14 14:35,0
2022/6/14 14:35,0
2022/6/14 14:35,0
2022/6/14 14:35,0
2022/6/14 14:35,0
2022/6/14 14:35,0
2022/6/14 14:35,0
2022/6/14 14:35,0
2022/6/14 14:35,0
2022/6/14 14:35,0
2022/6/14 14:35,0
2022/6/14 14:35,0
2022/6/14 14:35,0
2022/6/14 14:35,0
2022/6/14 14:35,0
2022/6/14 14:35,0
2022/6/14 14:35,0
2022/6/14 14:35,0
2022/6/14 14:35,0
2022/6/14 14:35,0
2022/6/14 14:35,0
2022/6/14 14:35,0
2022/6/14 14:35,0
2022/6/14 14:35,0
2022/6/14 14:35,0
2022/6/14 14:35,0
2022/6/14 14:35,0
2022/6/14 14:35,0
2022/6/14 14:35,0
2022/6/14 14:36,0
2022/6/14 14:36,0
2022/6/14 14:36,0
2022/6/14 14:36,0
2022/6/14 14:36,0
2022/6/14 14:36,0
2022/6/14 14:36,0
2022/6/14 14:36,0
2022/6/14 14:36,0
2022/6/14 14:36,0
2022/6/14 14:36,0
2022/6/14 14:36,0
2022/6/14 14:36,0
2022/6/14 14:36,0
2022/6/14 14:36,0
2022/6/14 14:36,0
2022/6/14 14:36,0
2022/6/14 14:36,0
2022/6/14 14:36,0
2022/6/14 14:36,0
2022/6/14 14:36,0
2022/6/14 14:36,0
2022/6/14 14:36,0
2022/6/14 14:36,0
2022/6/14 14:36,0
2022/6/14 14:36,0
2022/6/14 14:36,0
2022/6/14 14:36,0
2022/6/14 14:36,0
2022/6/14 14:36,0
2022/6/14 14:37,0
2022/6/14 14:37,0
2022/6/14 14:37,0
2022/6/14 14:37,0
2022/6/14 14:37,0
2022/6/14 14:37,0
2022/6/14 14:37,0
2022/6/14 14:37,0
2022/6/14 14:37,0
2022/6/14 14:37,0
2022/6/14 14:37,0
2022/6/14 14:37,0
2022/6/14 14:37,0
2022/6/14 14:37,0
2022/6/14 14:37,0
2022/6/14 14:37,0
2022/6/14 14:37,0
2022/6/14 14:37,0
2022/6/14 14:37,0
2022/6/14 14:37,0
2022/6/14 14:37,0
2022/6/14 14:37,0
2022/6/14 14:37,0
2022/6/14 14:37,0
2022/6/14 14:37,0
2022/6/14 14:37,0
2022/6/14 14:37,0
2022/6/14 14:37,0
2022/6/14 14:37,0
2022/6/14 14:37,0
2022/6/14 14:38,0
2022/6/14 14:38,0
2022/6/14 14:38,0
2022/6/14 14:38,0
2022/6/14 14:38,0
2022/6/14 14:38,0
2022/6/14 14:38,0
2022/6/14 14:38,0
2022/6/14 14:38,0
2022/6/14 14:38,0
2022/6/14 14:38,0
2022/6/14 14:38,0
2022/6/14 14:38,0
2022/6/14 14:38,0
2022/6/14 14:38,0
2022/6/14 14:38,0
2022/6/14 14:38,0
2022/6/14 14:38,0
2022/6/14 14:38,0
2022/6/14 14:38,0
2022/6/14 14:38,0
2022/6/14 14:38,0
2022/6/14 14:38,0
2022/6/14 14:38,0
2022/6/14 14:38,0
2022/6/14 14:38,0
2022/6/14 14:38,0
2022/6/14 14:38,0
2022/6/14 14:38,0
2022/6/14 14:38,0
2022/6/14 14:39,0
2022/6/14 14:39,0
2022/6/14 14:39,0
2022/6/14 14:39,0
2022/6/14 14:39,0
2022/6/14 14:39,0
2022/6/14 14:39,0
2022/6/14 14:39,0
2022/6/14 14:39,0
2022/6/14 14:39,0
2022/6/14 14:39,0
2022/6/14 14:39,0
2022/6/14 14:39,0
2022/6/14 14:39,0
2022/6/14 14:39,0
2022/6/14 14:39,0
2022/6/14 14:39,0
2022/6/14 14:39,0
2022/6/14 14:39,0
2022/6/14 14:39,0
2022/6/14 14:39,0
2022/6/14 14:39,0
2022/6/14 14:39,0
2022/6/14 14:39,0
2022/6/14 14:39,0
2022/6/14 14:39,0
2022/6/14 14:39,0
2022/6/14 14:39,0
2022/6/14 14:39,0
2022/6/14 14:39,0
2022/6/14 14:40,0
2022/6/14 14:40,0
2022/6/14 14:40,0
2022/6/14 14:40,0
2022/6/14 14:40,0
2022/6/14 14:40,0
2022/6/14 14:40,0
2022/6/14 14:40,0
2022/6/14 14:40,0
2022/6/14 14:40,0
2022/6/14 14:40,0
2022/6/14 14:40,0
2022/6/14 14:40,0
2022/6/14 14:40,0
2022/6/14 14:40,0
2022/6/14 14:40,0
2022/6/14 14:40,0
2022/6/14 14:40,0
2022/6/14 14:40,0
2022/6/14 14:40,0
2022/6/14 14:40,0
2022/6/14 14:40,0
2022/6/14 14:40,0
2022/6/14 14:40,0
2022/6/14 14:40,0
2022/6/14 14:40,0
2022/6/14 14:40,0
2022/6/14 14:40,0
2022/6/14 14:40,0
2022/6/14 14:40,0
2022/6/14 14:41,0
2022/6/14 14:41,0
2022/6/14 14:41,0
2022/6/14 14:41,0
2022/6/14 14:41,0
2022/6/14 14:41,0
2022/6/14 14:41,0
2022/6/14 14:41,0
2022/6/14 14:41,0
2022/6/14 14:41,0
2022/6/14 14:41,0
2022/6/14 14:41,0
2022/6/14 14:41,0
2022/6/14 14:41,0
2022/6/14 14:41,0
2022/6/14 14:41,0
2022/6/14 14:41,0
2022/6/14 14:41,0
2022/6/14 14:41,0
2022/6/14 14:41,0
2022/6/14 14:41,0
2022/6/14 14:41,0
2022/6/14 14:41,0
2022/6/14 14:41,0
2022/6/14 14:41,0
2022/6/14 14:41,0
2022/6/14 14:41,0
2022/6/14 14:41,0
2022/6/14 14:41,0
2022/6/14 14:41,0
2022/6/14 14:42,0
2022/6/14 14:42,0
2022/6/14 14:42,0
2022/6/14 14:42,0
2022/6/14 14:42,0
2022/6/14 14:42,0
2022/6/14 14:42,0
2022/6/14 14:42,0
2022/6/14 14:42,0
2022/6/14 14:42,0
2022/6/14 14:42,0
2022/6/14 14:42,0
2022/6/14 14:42,0
2022/6/14 14:42,0
2022/6/14 14:42,0
2022/6/14 14:42,0
2022/6/14 14:42,0
2022/6/14 14:42,0
2022/6/14 14:42,0
2022/6/14 14:42,0
2022/6/14 14:42,0
2022/6/14 14:42,0
2022/6/14 14:42,0
2022/6/14 14:42,0
2022/6/14 14:42,0
2022/6/14 14:42,0
2022/6/14 14:42,0
2022/6/14 14:42,0
2022/6/14 14:42,0
2022/6/14 14:42,0
2022/6/14 14:43,0
2022/6/14 14:43,0
2022/6/14 14:43,0
2022/6/14 14:43,0
2022/6/14 14:43,0
2022/6/14 14:43,0
2022/6/14 14:43,0
2022/6/14 14:43,0
2022/6/14 14:43,0
2022/6/14 14:43,0
2022/6/14 14:43,0
2022/6/14 14:43,0
2022/6/14 14:43,0
2022/6/14 14:43,0
2022/6/14 14:43,0
2022/6/14 14:43,0
2022/6/14 14:43,0
2022/6/14 14:43,0
2022/6/14 14:43,0
2022/6/14 14:43,0
2022/6/14 14:43,0
2022/6/14 14:43,0
2022/6/14 14:43,0
2022/6/14 14:43,0
2022/6/14 14:43,0
2022/6/14 14:43,0
2022/6/14 14:43,0
2022/6/14 14:43,0
2022/6/14 14:43,0
2022/6/14 14:43,0
2022/6/14 14:44,0
2022/6/14 14:44,0
2022/6/14 14:44,0
2022/6/14 14:44,0
2022/6/14 14:44,0
2022/6/14 14:44,0
2022/6/14 14:44,0
2022/6/14 14:44,0
2022/6/14 14:44,0
2022/6/14 14:44,0
2022/6/14 14:44,0
2022/6/14 14:44,0
2022/6/14 14:44,0
2022/6/14 14:44,0
2022/6/14 14:44,0
2022/6/14 14:44,0
2022/6/14 14:44,0
2022/6/14 14:44,0
2022/6/14 14:44,0
2022/6/14 14:44,0
2022/6/14 14:44,0
2022/6/14 14:44,0
2022/6/14 14:44,0
2022/6/14 14:44,0
2022/6/14 14:44,0
2022/6/14 14:44,0
2022/6/14 14:44,0
2022/6/14 14:44,0
2022/6/14 14:44,0
2022/6/14 14:44,0
2022/6/14 14:45,0
2022/6/14 14:45,0
2022/6/14 14:45,0
2022/6/14 14:45,0
2022/6/14 14:45,0
2022/6/14 14:45,0
2022/6/14 14:45,0
2022/6/14 14:45,0
2022/6/14 14:45,0
2022/6/14 14:45,0
2022/6/14 14:45,0
2022/6/14 14:45,0
2022/6/14 14:45,0
2022/6/14 14:45,0
2022/6/14 14:45,0
2022/6/14 14:45,0
2022/6/14 14:45,0
2022/6/14 14:45,0
2022/6/14 14:45,0
2022/6/14 14:45,0
2022/6/14 14:45,0
2022/6/14 14:45,0
2022/6/14 14:45,0
2022/6/14 14:45,0
2022/6/14 14:45,0
2022/6/14 14:45,0
2022/6/14 14:45,0
2022/6/14 14:45,0
2022/6/14 14:45,0
2022/6/14 14:45,0
2022/6/14 14:46,0
2022/6/14 14:46,0
2022/6/14 14:46,0
2022/6/14 14:46,0
2022/6/14 14:46,0
2022/6/14 14:46,0
2022/6/14 14:46,0
2022/6/14 14:46,0
2022/6/14 14:46,0
2022/6/14 14:46,0
2022/6/14 14:46,0
2022/6/14 14:46,0
2022/6/14 14:46,0
2022/6/14 14:46,0
2022/6/14 14:46,0
2022/6/14 14:46,0
2022/6/14 14:46,0
2022/6/14 14:46,0
2022/6/14 14:46,0
2022/6/14 14:46,0
2022/6/14 14:46,0
2022/6/14 14:46,0
2022/6/14 14:46,0
2022/6/14 14:46,0
2022/6/14 14:46,0
2022/6/14 14:46,0
2022/6/14 14:46,0
2022/6/14 14:46,0
2022/6/14 14:46,0
2022/6/14 14:46,0
2022/6/14 14:47,0
2022/6/14 14:47,0
2022/6/14 14:47,0
2022/6/14 14:47,0
2022/6/14 14:47,0
2022/6/14 14:47,0
2022/6/14 14:47,0
2022/6/14 14:47,0
2022/6/14 14:47,0
2022/6/14 14:47,0
2022/6/14 14:47,0
2022/6/14 14:47,0
2022/6/14 14:47,0
2022/6/14 14:47,0
2022/6/14 14:47,0
2022/6/14 14:47,0
2022/6/14 14:47,0
2022/6/14 14:47,0
2022/6/14 14:47,0
2022/6/14 14:47,0
2022/6/14 14:47,0
2022/6/14 14:47,0
2022/6/14 14:47,0
2022/6/14 14:47,0
2022/6/14 14:47,0
2022/6/14 14:47,0
2022/6/14 14:47,0
2022/6/14 14:47,0
2022/6/14 14:47,0
2022/6/14 14:47,0
2022/6/14 14:48,0
2022/6/14 14:48,0
2022/6/14 14:48,0
2022/6/14 14:48,0
2022/6/14 14:48,0
2022/6/14 14:48,0
2022/6/14 14:48,0
2022/6/14 14:48,0
2022/6/14 14:48,0
2022/6/14 14:48,0
2022/6/14 14:48,0
2022/6/14 14:48,0
2022/6/14 14:48,0
2022/6/14 14:48,0
2022/6/14 14:48,0
2022/6/14 14:48,0
2022/6/14 14:48,0
2022/6/14 14:48,0
2022/6/14 14:48,0
2022/6/14 14:48,0
2022/6/14 14:48,0
2022/6/14 14:48,0
2022/6/14 14:48,0
2022/6/14 14:48,0
2022/6/14 14:48,0
2022/6/14 14:48,0
2022/6/14 14:48,0
2022/6/14 14:48,0
2022/6/14 14:48,1
2022/6/14 14:48,1
2022/6/14 14:49,1
2022/6/14 14:49,1
2022/6/14 14:49,1
2022/6/14 14:49,1
2022/6/14 14:49,1
2022/6/14 14:49,1
2022/6/14 14:49,1
2022/6/14 14:49,1
2022/6/14 14:49,1
2022/6/14 14:49,1
2022/6/14 14:49,1
2022/6/14 14:49,1
2022/6/14 14:49,1
2022/6/14 14:49,1
2022/6/14 14:49,1
2022/6/14 14:49,1
2022/6/14 14:49,1
2022/6/14 14:49,1
2022/6/14 14:49,1
2022/6/14 14:49,1
2022/6/14 14:49,1
2022/6/14 14:49,1
2022/6/14 14:49,1
2022/6/14 14:49,1
2022/6/14 14:49,1
2022/6/14 14:49,1
2022/6/14 14:49,1
2022/6/14 14:49,1
2022/6/14 14:49,1
2022/6/14 14:49,1
2022/6/14 14:50,1
2022/6/14 14:50,1
2022/6/14 14:50,1
2022/6/14 14:50,1
2022/6/14 14:50,1
2022/6/14 14:50,1
2022/6/14 14:50,1
2022/6/14 14:50,1
2022/6/14 14:50,1
2022/6/14 14:50,1
2022/6/14 14:50,1
2022/6/14 14:50,1
2022/6/14 14:50,1
2022/6/14 14:50,1
2022/6/14 14:50,1
2022/6/14 14:50,1
2022/6/14 14:50,1
2022/6/14 14:50,1
2022/6/14 14:50,1
2022/6/14 14:50,1
2022/6/14 14:50,1
2022/6/14 14:50,1
2022/6/14 14:50,1
2022/6/14 14:50,1
2022/6/14 14:50,1
2022/6/14 14:50,1
2022/6/14 14:50,1
2022/6/14 14:50,1
2022/6/14 14:50,1
2022/6/14 14:50,1
2022/6/14 14:51,1
2022/6/14 14:51,1
2022/6/14 14:51,1
2022/6/14 14:51,1
2022/6/14 14:51,1
2022/6/14 14:51,1
2022/6/14 14:51,1
2022/6/14 14:51,1
2022/6/14 14:51,1
2022/6/14 14:51,1
2022/6/14 14:51,1
2022/6/14 14:51,1
2022/6/14 14:51,1
2022/6/14 14:51,1
2022/6/14 14:51,1
2022/6/14 14:51,1
2022/6/14 14:51,1
2022/6/14 14:51,0
2022/6/14 14:51,0
2022/6/14 14:51,0
2022/6/14 14:51,0
2022/6/14 14:51,0
2022/6/14 14:51,1
2022/6/14 14:51,1
2022/6/14 14:51,1
2022/6/14 14:51,1
2022/6/14 14:51,1
2022/6/14 14:51,0
2022/6/14 14:51,0
2022/6/14 14:51,0
2022/6/14 14:52,0
2022/6/14 14:52,0
2022/6/14 14:52,0
2022/6/14 14:52,0
2022/6/14 14:52,0
2022/6/14 14:52,0
2022/6/14 14:52,0
2022/6/14 14:52,0
2022/6/14 14:52,0
2022/6/14 14:52,0
2022/6/14 14:52,0
2022/6/14 14:52,0
2022/6/14 14:52,0
2022/6/14 14:52,0
2022/6/14 14:52,0
2022/6/14 14:52,0
2022/6/14 14:52,0
2022/6/14 14:52,0
2022/6/14 14:52,0
2022/6/14 14:52,0
2022/6/14 14:52,0
2022/6/14 14:52,0
2022/6/14 14:52,0
2022/6/14 14:52,0
2022/6/14 14:52,0
2022/6/14 14:52,0
2022/6/14 14:52,0
2022/6/14 14:52,0
2022/6/14 14:52,0
2022/6/14 14:52,0
2022/6/14 14:53,0
2022/6/14 14:53,0
2022/6/14 14:53,0
2022/6/14 14:53,0
2022/6/14 14:53,0
2022/6/14 14:53,0
2022/6/14 14:53,0
2022/6/14 14:53,0
2022/6/14 14:53,0
2022/6/14 14:53,0
2022/6/14 14:53,0
2022/6/14 14:53,0
2022/6/14 14:53,0
2022/6/14 14:53,0
2022/6/14 14:53,0
2022/6/14 14:53,0
2022/6/14 14:53,0
2022/6/14 14:53,0
2022/6/14 14:53,0
2022/6/14 14:53,0
2022/6/14 14:53,0
2022/6/14 14:53,0
2022/6/14 14:53,0
2022/6/14 14:53,0
2022/6/14 14:53,0
2022/6/14 14:53,0
2022/6/14 14:53,0
2022/6/14 14:53,0
2022/6/14 14:53,0
2022/6/14 14:53,0
2022/6/14 14:54,0
2022/6/14 14:54,0
2022/6/14 14:54,0
2022/6/14 14:54,0
2022/6/14 14:54,0
2022/6/14 14:54,0
2022/6/14 14:54,0
2022/6/14 14:54,0
2022/6/14 14:54,0
2022/6/14 14:54,0
2022/6/14 14:54,0
2022/6/14 14:54,0
2022/6/14 14:54,0
2022/6/14 14:54,0
2022/6/14 14:54,0
2022/6/14 14:54,0
2022/6/14 14:54,0
2022/6/14 14:54,0
2022/6/14 14:54,0
2022/6/14 14:54,0
2022/6/14 14:54,0
2022/6/14 14:54,0
2022/6/14 14:54,0
2022/6/14 14:54,0
2022/6/14 14:54,0
2022/6/14 14:54,0
2022/6/14 14:54,0
2022/6/14 14:54,0
2022/6/14 14:54,0
2022/6/14 14:54,0
2022/6/14 14:55,0
2022/6/14 14:55,0
2022/6/14 14:55,0
2022/6/14 14:55,0
2022/6/14 14:55,0
2022/6/14 14:55,0
2022/6/14 14:55,0
2022/6/14 14:55,0
2022/6/14 14:55,0
2022/6/14 14:55,0
2022/6/14 14:55,0
2022/6/14 14:55,0
2022/6/14 14:55,0
2022/6/14 14:55,0
2022/6/14 14:55,0
2022/6/14 14:55,0
2022/6/14 14:55,0
2022/6/14 14:55,0
2022/6/14 14:55,0
2022/6/14 14:55,0
2022/6/14 14:55,0
2022/6/14 14:55,0
2022/6/14 14:55,0
2022/6/14 14:55,0
2022/6/14 14:55,0
2022/6/14 14:55,0
2022/6/14 14:55,0
2022/6/14 14:55,0
2022/6/14 14:55,0
2022/6/14 14:55,0
2022/6/14 14:56,0
2022/6/14 14:56,0
2022/6/14 14:56,0
2022/6/14 14:56,0
2022/6/14 14:56,0
2022/6/14 14:56,0
2022/6/14 14:56,0
2022/6/14 14:56,0
2022/6/14 14:56,0
2022/6/14 14:56,0
2022/6/14 14:56,0
2022/6/14 14:56,0
2022/6/14 14:56,0
2022/6/14 14:56,0
2022/6/14 14:56,0
2022/6/14 14:56,0
2022/6/14 14:56,0
2022/6/14 14:56,0
2022/6/14 14:56,0
2022/6/14 14:56,0
2022/6/14 14:56,0
2022/6/14 14:56,0
2022/6/14 14:56,0
2022/6/14 14:56,0
2022/6/14 14:56,0
2022/6/14 14:56,0
2022/6/14 14:56,0
2022/6/14 14:56,0
2022/6/14 14:56,0
2022/6/14 14:56,0
2022/6/14 14:57,0
2022/6/14 14:57,0
2022/6/14 14:57,0
2022/6/14 14:57,0
2022/6/14 14:57,0
2022/6/14 14:57,0
2022/6/14 14:57,0
2022/6/14 14:57,0
2022/6/14 14:57,0
2022/6/14 14:57,0
2022/6/14 14:57,0
2022/6/14 14:57,0
2022/6/14 14:57,0
2022/6/14 14:57,0
2022/6/14 14:57,0
2022/6/14 14:57,0
2022/6/14 14:57,0
2022/6/14 14:57,0
2022/6/14 14:57,0
2022/6/14 14:57,0
2022/6/14 14:57,0
2022/6/14 14:57,0
2022/6/14 14:57,0
2022/6/14 14:57,0
2022/6/14 14:57,0
2022/6/14 14:57,0
2022/6/14 14:57,0
2022/6/14 14:57,0
2022/6/14 14:57,0
2022/6/14 14:57,0
2022/6/14 14:58,0
2022/6/14 14:58,0
2022/6/14 14:58,0
2022/6/14 14:58,0
2022/6/14 14:58,0
2022/6/14 14:58,0
2022/6/14 14:58,0
2022/6/14 14:58,0
2022/6/14 14:58,0
2022/6/14 14:58,0
2022/6/14 14:58,0
2022/6/14 14:58,0
2022/6/14 14:58,0
2022/6/14 14:58,0
2022/6/14 14:58,0
2022/6/14 14:58,0
2022/6/14 14:58,0
2022/6/14 14:58,0
2022/6/14 14:58,0
2022/6/14 14:58,0
2022/6/14 14:58,0
2022/6/14 14:58,0
2022/6/14 14:58,0
2022/6/14 14:58,0
2022/6/14 14:58,0
2022/6/14 14:58,0
2022/6/14 14:58,0
2022/6/14 14:58,0
2022/6/14 14:58,0
2022/6/14 14:58,0
2022/6/14 14:59,0
2022/6/14 14:59,0
2022/6/14 14:59,0
2022/6/14 14:59,0
2022/6/14 14:59,0
2022/6/14 14:59,0
2022/6/14 14:59,0
2022/6/14 14:59,0
2022/6/14 14:59,0
2022/6/14 14:59,0
2022/6/14 14:59,0
2022/6/14 14:59,0
2022/6/14 14:59,0
2022/6/14 14:59,0
2022/6/14 14:59,0
2022/6/14 14:59,0
2022/6/14 14:59,0
2022/6/14 14:59,0
2022/6/14 14:59,0
2022/6/14 14:59,0
2022/6/14 14:59,0
2022/6/14 14:59,0
2022/6/14 14:59,0
2022/6/14 14:59,0
2022/6/14 14:59,0
2022/6/14 14:59,0
2022/6/14 14:59,0
2022/6/14 14:59,0
2022/6/14 14:59,0
2022/6/14 14:59,0
2022/6/14 15:00,0
2022/6/14 15:00,0
2022/6/14 15:00,0
2022/6/14 15:00,0
2022/6/14 15:00,0
2022/6/14 15:00,0
2022/6/14 15:00,0
2022/6/14 15:00,0
2022/6/14 15:00,0
2022/6/14 15:00,0
2022/6/14 15:00,0
2022/6/14 15:00,0
2022/6/14 15:00,0
2022/6/14 15:00,0
2022/6/14 15:00,0
2022/6/14 15:00,0
2022/6/14 15:00,0
2022/6/14 15:00,0
2022/6/14 15:00,0
2022/6/14 15:00,0
2022/6/14 15:00,0
2022/6/14 15:00,0
2022/6/14 15:00,0
2022/6/14 15:00,0
2022/6/14 15:00,0
2022/6/14 15:00,0
2022/6/14 15:00,0
2022/6/14 15:00,0
2022/6/14 15:00,0
2022/6/14 15:00,0
2022/6/14 15:01,0
2022/6/14 15:01,0
2022/6/14 15:01,0
2022/6/14 15:01,0
2022/6/14 15:01,0
2022/6/14 15:01,0
2022/6/14 15:01,0
2022/6/14 15:01,0
2022/6/14 15:01,0
2022/6/14 15:01,0
2022/6/14 15:01,0
2022/6/14 15:01,0
2022/6/14 15:01,0
2022/6/14 15:01,0
2022/6/14 15:01,0
2022/6/14 15:01,0
2022/6/14 15:01,0
2022/6/14 15:01,0
2022/6/14 15:01,0
2022/6/14 15:01,0
2022/6/14 15:01,0
2022/6/14 15:01,0
2022/6/14 15:01,0
2022/6/14 15:01,0
2022/6/14 15:01,0
2022/6/14 15:01,0
2022/6/14 15:01,0
2022/6/14 15:01,0
2022/6/14 15:01,0
2022/6/14 15:01,0
2022/6/14 15:02,0
2022/6/14 15:02,0
2022/6/14 15:02,0
2022/6/14 15:02,0
2022/6/14 15:02,0
2022/6/14 15:02,0
2022/6/14 15:02,0
2022/6/14 15:02,0
2022/6/14 15:02,0
2022/6/14 15:02,0
2022/6/14 15:02,0
2022/6/14 15:02,0
2022/6/14 15:02,0
2022/6/14 15:02,0
2022/6/14 15:02,0
2022/6/14 15:02,0
2022/6/14 15:02,0
2022/6/14 15:02,0
2022/6/14 15:02,0
2022/6/14 15:02,0
2022/6/14 15:02,0
2022/6/14 15:02,0
2022/6/14 15:02,0
2022/6/14 15:02,0
2022/6/14 15:02,0
2022/6/14 15:02,0
2022/6/14 15:02,0
2022/6/14 15:02,0
2022/6/14 15:02,0
2022/6/14 15:02,0
2022/6/14 15:03,0
2022/6/14 15:03,0
2022/6/14 15:03,0
2022/6/14 15:03,0
2022/6/14 15:03,0
2022/6/14 15:03,0
2022/6/14 15:03,0
2022/6/14 15:03,0
2022/6/14 15:03,0
2022/6/14 15:03,0
2022/6/14 15:03,0
2022/6/14 15:03,0
2022/6/14 15:03,0
2022/6/14 15:03,0
2022/6/14 15:03,0
2022/6/14 15:03,0
2022/6/14 15:03,0
2022/6/14 15:03,0
2022/6/14 15:03,1
2022/6/14 15:03,1
2022/6/14 15:03,1
2022/6/14 15:03,1
2022/6/14 15:03,1
2022/6/14 15:03,1
2022/6/14 15:03,1
2022/6/14 15:03,1
2022/6/14 15:03,1
2022/6/14 15:03,1
2022/6/14 15:03,1
2022/6/14 15:03,1
2022/6/14 15:04,1
2022/6/14 15:04,1
2022/6/14 15:04,1
2022/6/14 15:04,1
2022/6/14 15:04,1
2022/6/14 15:04,1
2022/6/14 15:04,1
2022/6/14 15:04,1
2022/6/14 15:04,1
2022/6/14 15:04,1
2022/6/14 15:04,1
2022/6/14 15:04,1
2022/6/14 15:04,1
2022/6/14 15:04,0
2022/6/14 15:04,0
2022/6/14 15:04,0
2022/6/14 15:04,0
2022/6/14 15:04,0
2022/6/14 15:04,0
2022/6/14 15:04,0
2022/6/14 15:04,0
2022/6/14 15:04,0
2022/6/14 15:04,0
2022/6/14 15:04,0
2022/6/14 15:04,0
2022/6/14 15:04,0
2022/6/14 15:04,0
2022/6/14 15:04,0
2022/6/14 15:04,0
2022/6/14 15:04,0
2022/6/14 15:05,0
2022/6/14 15:05,0
2022/6/14 15:05,0
2022/6/14 15:05,0
2022/6/14 15:05,0
2022/6/14 15:05,0
2022/6/14 15:05,0
2022/6/14 15:05,0
2022/6/14 15:05,0
2022/6/14 15:05,0
2022/6/14 15:05,0
2022/6/14 15:05,0
2022/6/14 15:05,0
2022/6/14 15:05,0
2022/6/14 15:05,0
2022/6/14 15:05,0
2022/6/14 15:05,0
2022/6/14 15:05,0
2022/6/14 15:05,0
2022/6/14 15:05,0
2022/6/14 15:05,0
2022/6/14 15:05,0
2022/6/14 15:05,0
2022/6/14 15:05,0
2022/6/14 15:05,0
2022/6/14 15:05,0
2022/6/14 15:05,0
2022/6/14 15:05,0
2022/6/14 15:05,0
2022/6/14 15:05,0
2022/6/14 15:06,0
2022/6/14 15:06,0
2022/6/14 15:06,0
2022/6/14 15:06,0
2022/6/14 15:06,0
2022/6/14 15:06,0
2022/6/14 15:06,0
2022/6/14 15:06,0
2022/6/14 15:06,0
2022/6/14 15:06,0
2022/6/14 15:06,0
2022/6/14 15:06,0
2022/6/14 15:06,0
2022/6/14 15:06,0
2022/6/14 15:06,0
2022/6/14 15:06,0
2022/6/14 15:06,0
2022/6/14 15:06,0
2022/6/14 15:06,0
2022/6/14 15:06,0
2022/6/14 15:06,0
2022/6/14 15:06,0
2022/6/14 15:06,0
2022/6/14 15:06,0
2022/6/14 15:06,0
2022/6/14 15:06,0
2022/6/14 15:06,0
2022/6/14 15:06,0
2022/6/14 15:06,0
2022/6/14 15:06,0
2022/6/14 15:07,0
2022/6/14 15:07,0
2022/6/14 15:07,0
2022/6/14 15:07,0
2022/6/14 15:07,0
2022/6/14 15:07,0
2022/6/14 15:07,0
2022/6/14 15:07,0
2022/6/14 15:07,0
2022/6/14 15:07,0
2022/6/14 15:07,0
2022/6/14 15:07,0
2022/6/14 15:07,0
2022/6/14 15:07,0
2022/6/14 15:07,0
2022/6/14 15:07,0
2022/6/14 15:07,0
2022/6/14 15:07,0
2022/6/14 15:07,0
2022/6/14 15:07,0
2022/6/14 15:07,0
2022/6/14 15:07,0
2022/6/14 15:07,0
2022/6/14 15:07,0
2022/6/14 15:07,0
2022/6/14 15:07,0
2022/6/14 15:07,0
2022/6/14 15:07,0
2022/6/14 15:07,0
2022/6/14 15:07,0
2022/6/14 15:08,0
2022/6/14 15:08,0
2022/6/14 15:08,0
2022/6/14 15:08,0
2022/6/14 15:08,0
2022/6/14 15:08,0
2022/6/14 15:08,0
2022/6/14 15:08,0
2022/6/14 15:08,0
2022/6/14 15:08,0
2022/6/14 15:08,0
2022/6/14 15:08,0
2022/6/14 15:08,0
2022/6/14 15:08,0
2022/6/14 15:08,0
2022/6/14 15:08,0
2022/6/14 15:08,0
2022/6/14 15:08,0
2022/6/14 15:08,0
2022/6/14 15:08,0
2022/6/14 15:08,0
2022/6/14 15:08,0
2022/6/14 15:08,0
2022/6/14 15:08,0
2022/6/14 15:08,0
2022/6/14 15:08,0
2022/6/14 15:08,0
2022/6/14 15:08,0
2022/6/14 15:08,0
2022/6/14 15:08,0
2022/6/14 15:09,0
2022/6/14 15:09,0
2022/6/14 15:09,0
2022/6/14 15:09,0
2022/6/14 15:09,0
2022/6/14 15:09,0
2022/6/14 15:09,0
2022/6/14 15:09,0
2022/6/14 15:09,0
2022/6/14 15:09,0
2022/6/14 15:09,0
2022/6/14 15:09,0
2022/6/14 15:09,0
2022/6/14 15:09,0
2022/6/14 15:09,0
2022/6/14 15:09,0
2022/6/14 15:09,0
2022/6/14 15:09,0
2022/6/14 15:09,0
2022/6/14 15:09,0
2022/6/14 15:09,0
2022/6/14 15:09,0
2022/6/14 15:09,0
2022/6/14 15:09,0
2022/6/14 15:09,0
2022/6/14 15:09,0
2022/6/14 15:09,0
2022/6/14 15:09,0
2022/6/14 15:09,0
2022/6/14 15:09,0
2022/6/14 15:10,0
2022/6/14 15:10,0
2022/6/14 15:10,0
2022/6/14 15:10,0
2022/6/14 15:10,0
2022/6/14 15:10,0
2022/6/14 15:10,0
2022/6/14 15:10,0
2022/6/14 15:10,0
2022/6/14 15:10,0
2022/6/14 15:10,0
2022/6/14 15:10,0
2022/6/14 15:10,0
2022/6/14 15:10,0
2022/6/14 15:10,0
2022/6/14 15:10,0
2022/6/14 15:10,0
2022/6/14 15:10,0
2022/6/14 15:10,0
2022/6/14 15:10,0
2022/6/14 15:10,0
2022/6/14 15:10,0
2022/6/14 15:10,0
2022/6/14 15:10,0
2022/6/14 15:10,0
2022/6/14 15:10,0
2022/6/14 15:10,0
2022/6/14 15:10,0
2022/6/14 15:10,0
2022/6/14 15:10,0
2022/6/14 15:11,0
2022/6/14 15:11,0
2022/6/14 15:11,0
2022/6/14 15:11,0
2022/6/14 15:11,0
2022/6/14 15:11,0
2022/6/14 15:11,0
2022/6/14 15:11,0
2022/6/14 15:11,0
2022/6/14 15:11,0
2022/6/14 15:11,0
2022/6/14 15:11,0
2022/6/14 15:11,0
2022/6/14 15:11,0
2022/6/14 15:11,0
2022/6/14 15:11,0
2022/6/14 15:11,0
2022/6/14 15:11,0
2022/6/14 15:11,0
2022/6/14 15:11,0
2022/6/14 15:11,0
2022/6/14 15:11,0
2022/6/14 15:11,0
2022/6/14 15:11,0
2022/6/14 15:11,0
2022/6/14 15:11,0
2022/6/14 15:11,0
2022/6/14 15:11,0
2022/6/14 15:11,0
2022/6/14 15:11,0
2022/6/14 15:12,0
2022/6/14 15:12,0
2022/6/14 15:12,0
2022/6/14 15:12,0
2022/6/14 15:12,0
2022/6/14 15:12,0
2022/6/14 15:12,0
2022/6/14 15:12,0
2022/6/14 15:12,0
2022/6/14 15:12,0
2022/6/14 15:12,0
2022/6/14 15:12,0
2022/6/14 15:12,0
2022/6/14 15:12,0
2022/6/14 15:12,0
2022/6/14 15:12,0
2022/6/14 15:12,0
2022/6/14 15:12,0
2022/6/14 15:12,0
2022/6/14 15:12,0
2022/6/14 15:12,0
2022/6/14 15:12,0
2022/6/14 15:12,0
2022/6/14 15:12,0
2022/6/14 15:12,0
2022/6/14 15:12,0
2022/6/14 15:12,0
2022/6/14 15:12,0
2022/6/14 15:12,0
2022/6/14 15:12,0
2022/6/14 15:13,0
2022/6/14 15:13,0
2022/6/14 15:13,0
2022/6/14 15:13,0
2022/6/14 15:13,0
2022/6/14 15:13,0
2022/6/14 15:13,0
2022/6/14 15:13,0
2022/6/14 15:13,0
2022/6/14 15:13,0
2022/6/14 15:13,0
2022/6/14 15:13,0
2022/6/14 15:13,0
2022/6/14 15:13,0
2022/6/14 15:13,0
2022/6/14 15:13,0
2022/6/14 15:13,0
2022/6/14 15:13,0
2022/6/14 15:13,0
2022/6/14 15:13,0
2022/6/14 15:13,0
2022/6/14 15:13,0
2022/6/14 15:13,0
2022/6/14 15:13,0
2022/6/14 15:13,0
2022/6/14 15:13,0
2022/6/14 15:13,0
2022/6/14 15:13,0
2022/6/14 15:13,0
2022/6/14 15:13,0
2022/6/14 15:14,0
2022/6/14 15:14,0
2022/6/14 15:14,0
2022/6/14 15:14,0
2022/6/14 15:14,0
2022/6/14 15:14,0
2022/6/14 15:14,0
2022/6/14 15:14,0
2022/6/14 15:14,0
2022/6/14 15:14,0
2022/6/14 15:14,0
2022/6/14 15:14,0
2022/6/14 15:14,0
2022/6/14 15:14,0
2022/6/14 15:14,0
2022/6/14 15:14,0
2022/6/14 15:14,0
2022/6/14 15:14,0
2022/6/14 15:14,0
2022/6/14 15:14,0
2022/6/14 15:14,0
2022/6/14 15:14,0
2022/6/14 15:14,0
2022/6/14 15:14,0
2022/6/14 15:14,0
2022/6/14 15:14,0
2022/6/14 15:14,0
2022/6/14 15:14,0
2022/6/14 15:14,0
2022/6/14 15:14,0
2022/6/14 15:15,0
2022/6/14 15:15,0
2022/6/14 15:15,0
2022/6/14 15:15,0
2022/6/14 15:15,0
2022/6/14 15:15,0
2022/6/14 15:15,0
2022/6/14 15:15,0
2022/6/14 15:15,0
2022/6/14 15:15,0
2022/6/14 15:15,0
2022/6/14 15:15,0
2022/6/14 15:15,0
2022/6/14 15:15,0
2022/6/14 15:15,0
2022/6/14 15:15,0
2022/6/14 15:15,0
2022/6/14 15:15,0
2022/6/14 15:15,0
2022/6/14 15:15,0
2022/6/14 15:15,0
2022/6/14 15:15,0
2022/6/14 15:15,0
2022/6/14 15:15,0
2022/6/14 15:15,0
2022/6/14 15:15,0
2022/6/14 15:15,0
2022/6/14 15:15,0
2022/6/14 15:15,0
2022/6/14 15:15,0
2022/6/14 15:16,0
2022/6/14 15:16,0
2022/6/14 15:16,0
2022/6/14 15:16,0
2022/6/14 15:16,0
2022/6/14 15:16,0
2022/6/14 15:16,0
2022/6/14 15:16,0
2022/6/14 15:16,0
2022/6/14 15:16,0
2022/6/14 15:16,0
2022/6/14 15:16,0
2022/6/14 15:16,0
2022/6/14 15:16,0
2022/6/14 15:16,0
2022/6/14 15:16,0
2022/6/14 15:16,0
2022/6/14 15:16,0
2022/6/14 15:16,0
2022/6/14 15:16,0
2022/6/14 15:16,0
2022/6/14 15:16,0
2022/6/14 15:16,0
2022/6/14 15:16,0
2022/6/14 15:16,0
2022/6/14 15:16,0
2022/6/14 15:16,0
2022/6/14 15:16,0
2022/6/14 15:16,0
2022/6/14 15:16,0
2022/6/14 15:17,0
2022/6/14 15:17,0
2022/6/14 15:17,0
2022/6/14 15:17,0
2022/6/14 15:17,0
2022/6/14 15:17,0
2022/6/14 15:17,0
2022/6/14 15:17,0
2022/6/14 15:17,0
2022/6/14 15:17,0
2022/6/14 15:17,0
2022/6/14 15:17,0
2022/6/14 15:17,0
2022/6/14 15:17,0
2022/6/14 15:17,0
2022/6/14 15:17,0
2022/6/14 15:17,0
2022/6/14 15:17,0
2022/6/14 15:17,0
2022/6/14 15:17,0
2022/6/14 15:17,0
2022/6/14 15:17,0
2022/6/14 15:17,0
2022/6/14 15:17,0
2022/6/14 15:17,0
2022/6/14 15:17,0
2022/6/14 15:17,0
2022/6/14 15:17,0
2022/6/14 15:17,0
2022/6/14 15:17,0
2022/6/14 15:18,0
2022/6/14 15:18,0
2022/6/14 15:18,0
2022/6/14 15:18,0
2022/6/14 15:18,0
2022/6/14 15:18,0
2022/6/14 15:18,0
2022/6/14 15:18,0
2022/6/14 15:18,0
2022/6/14 15:18,0
2022/6/14 15:18,0
2022/6/14 15:18,0
2022/6/14 15:18,0
2022/6/14 15:18,0
2022/6/14 15:18,0
2022/6/14 15:18,0
2022/6/14 15:18,0
2022/6/14 15:18,0
2022/6/14 15:18,0
2022/6/14 15:18,0
2022/6/14 15:18,0
2022/6/14 15:18,0
2022/6/14 15:18,0
2022/6/14 15:18,0
2022/6/14 15:18,0
2022/6/14 15:18,0
2022/6/14 15:18,0
2022/6/14 15:18,0
2022/6/14 15:18,0
2022/6/14 15:18,0
2022/6/14 15:19,0
2022/6/14 15:19,0
2022/6/14 15:19,0
2022/6/14 15:19,0
2022/6/14 15:19,0
2022/6/14 15:19,0
2022/6/14 15:19,0
2022/6/14 15:19,0
2022/6/14 15:19,0
2022/6/14 15:19,0
2022/6/14 15:19,0
2022/6/14 15:19,0
2022/6/14 15:19,0
2022/6/14 15:19,0
2022/6/14 15:19,0
2022/6/14 15:19,0
2022/6/14 15:19,0
2022/6/14 15:19,0
2022/6/14 15:19,0
2022/6/14 15:19,0
2022/6/14 15:19,0
2022/6/14 15:19,0
2022/6/14 15:19,0
2022/6/14 15:19,0
2022/6/14 15:19,0
2022/6/14 15:19,0
2022/6/14 15:19,0
2022/6/14 15:19,0
2022/6/14 15:19,0
2022/6/14 15:19,0
2022/6/14 15:20,0
2022/6/14 15:20,0
2022/6/14 15:20,0
2022/6/14 15:20,0
2022/6/14 15:20,0
2022/6/14 15:20,0
2022/6/14 15:20,0
2022/6/14 15:20,0
2022/6/14 15:20,0
2022/6/14 15:20,0
2022/6/14 15:20,0
2022/6/14 15:20,0
2022/6/14 15:20,0
2022/6/14 15:20,0
2022/6/14 15:20,0
2022/6/14 15:20,0
2022/6/14 15:20,0
2022/6/14 15:20,0
2022/6/14 15:20,0
2022/6/14 15:20,0
2022/6/14 15:20,0
2022/6/14 15:20,0
2022/6/14 15:20,0
2022/6/14 15:20,0
2022/6/14 15:20,0
2022/6/14 15:20,0
2022/6/14 15:20,0
2022/6/14 15:20,0
2022/6/14 15:20,0
2022/6/14 15:20,0
2022/6/14 15:21,0
2022/6/14 15:21,0
2022/6/14 15:21,0
2022/6/14 15:21,0
2022/6/14 15:21,0
2022/6/14 15:21,0
2022/6/14 15:21,0
2022/6/14 15:21,0
2022/6/14 15:21,0
2022/6/14 15:21,0
2022/6/14 15:21,0
2022/6/14 15:21,0
2022/6/14 15:21,0
2022/6/14 15:21,0
2022/6/14 15:21,0
2022/6/14 15:21,0
2022/6/14 15:21,0
2022/6/14 15:21,0
2022/6/14 15:21,0
2022/6/14 15:21,0
2022/6/14 15:21,0
2022/6/14 15:21,0
2022/6/14 15:21,0
2022/6/14 15:21,0
2022/6/14 15:21,0
2022/6/14 15:21,0
2022/6/14 15:21,0
2022/6/14 15:21,0
2022/6/14 15:21,0
2022/6/14 15:21,0
2022/6/14 15:22,0
2022/6/14 15:22,0
2022/6/14 15:22,0
2022/6/14 15:22,0
2022/6/14 15:22,0
2022/6/14 15:22,0
2022/6/14 15:22,0
2022/6/14 15:22,0
2022/6/14 15:22,0
2022/6/14 15:22,0
2022/6/14 15:22,0
2022/6/14 15:22,0
2022/6/14 15:22,0
2022/6/14 15:22,0
2022/6/14 15:22,0
2022/6/14 15:22,0
2022/6/14 15:22,0
2022/6/14 15:22,0
2022/6/14 15:22,0
2022/6/14 15:22,0
2022/6/14 15:22,0
2022/6/14 15:22,0
2022/6/14 15:22,0
2022/6/14 15:22,0
2022/6/14 15:22,0
2022/6/14 15:22,0
2022/6/14 15:22,0
2022/6/14 15:22,0
2022/6/14 15:22,0
2022/6/14 15:22,0
2022/6/14 15:23,0
2022/6/14 15:23,0
2022/6/14 15:23,0
2022/6/14 15:23,0
2022/6/14 15:23,0
2022/6/14 15:23,0
2022/6/14 15:23,0
2022/6/14 15:23,0
2022/6/14 15:23,0
2022/6/14 15:23,0
2022/6/14 15:23,0
2022/6/14 15:23,0
2022/6/14 15:23,0
2022/6/14 15:23,0
2022/6/14 15:23,0
2022/6/14 15:23,0
2022/6/14 15:23,0
2022/6/14 15:23,0
2022/6/14 15:23,0
2022/6/14 15:23,0
2022/6/14 15:23,0
2022/6/14 15:23,0
2022/6/14 15:23,0
2022/6/14 15:23,0
2022/6/14 15:23,0
2022/6/14 15:23,0
2022/6/14 15:23,0
2022/6/14 15:23,0
2022/6/14 15:23,0
2022/6/14 15:23,0
2022/6/14 15:24,0
2022/6/14 15:24,0
2022/6/14 15:24,0
2022/6/14 15:24,0
2022/6/14 15:24,0
2022/6/14 15:24,0
2022/6/14 15:24,0
2022/6/14 15:24,0
2022/6/14 15:24,0
2022/6/14 15:24,0
2022/6/14 15:24,0
2022/6/14 15:24,0
2022/6/14 15:24,0
2022/6/14 15:24,0
2022/6/14 15:24,0
2022/6/14 15:24,0
2022/6/14 15:24,0
2022/6/14 15:24,0
2022/6/14 15:24,0
2022/6/14 15:24,0
2022/6/14 15:24,0
2022/6/14 15:24,0
2022/6/14 15:24,0
2022/6/14 15:24,0
2022/6/14 15:24,0
2022/6/14 15:24,0
2022/6/14 15:24,0
2022/6/14 15:24,0
2022/6/14 15:24,0
2022/6/14 15:24,0
2022/6/14 15:25,0
2022/6/14 15:25,0
2022/6/14 15:25,0
2022/6/14 15:25,0
2022/6/14 15:25,0
2022/6/14 15:25,0
2022/6/14 15:25,0
2022/6/14 15:25,0
2022/6/14 15:25,0
2022/6/14 15:25,0
2022/6/14 15:25,0
2022/6/14 15:25,0
2022/6/14 15:25,0
2022/6/14 15:25,0
2022/6/14 15:25,0
2022/6/14 15:25,0
2022/6/14 15:25,0
2022/6/14 15:25,0
2022/6/14 15:25,0
2022/6/14 15:25,0
2022/6/14 15:25,0
2022/6/14 15:25,0
2022/6/14 15:25,0
2022/6/14 15:25,0
2022/6/14 15:25,0
2022/6/14 15:25,0
2022/6/14 15:25,0
2022/6/14 15:25,0
2022/6/14 15:25,0
2022/6/14 15:25,0
2022/6/14 15:26,0
2022/6/14 15:26,0
2022/6/14 15:26,0
2022/6/14 15:26,0
2022/6/14 15:26,0
2022/6/14 15:26,0
2022/6/14 15:26,0
2022/6/14 15:26,0
2022/6/14 15:26,0
2022/6/14 15:26,0
2022/6/14 15:26,0
2022/6/14 15:26,0
2022/6/14 15:26,0
2022/6/14 15:26,0
2022/6/14 15:26,0
2022/6/14 15:26,0
2022/6/14 15:26,0
2022/6/14 15:26,0
2022/6/14 15:26,0
2022/6/14 15:26,0
2022/6/14 15:26,0
2022/6/14 15:26,0
2022/6/14 15:26,0
2022/6/14 15:26,0
2022/6/14 15:26,0
2022/6/14 15:26,0
2022/6/14 15:26,0
2022/6/14 15:26,0
2022/6/14 15:26,0
2022/6/14 15:26,0
2022/6/14 15:27,0
2022/6/14 15:27,0
2022/6/14 15:27,0
2022/6/14 15:27,0
2022/6/14 15:27,0
2022/6/14 15:27,0
2022/6/14 15:27,0
2022/6/14 15:27,0
2022/6/14 15:27,0
2022/6/14 15:27,0
2022/6/14 15:27,0
2022/6/14 15:27,0
2022/6/14 15:27,0
2022/6/14 15:27,0
2022/6/14 15:27,0
2022/6/14 15:27,0
2022/6/14 15:27,0
2022/6/14 15:27,0
2022/6/14 15:27,0
2022/6/14 15:27,0
2022/6/14 15:27,0
2022/6/14 15:27,0
2022/6/14 15:27,0
2022/6/14 15:27,0
2022/6/14 15:27,0
2022/6/14 15:27,0
2022/6/14 15:27,0
2022/6/14 15:27,0
2022/6/14 15:27,0
2022/6/14 15:27,0
2022/6/14 15:28,0
2022/6/14 15:28,0
2022/6/14 15:28,0
2022/6/14 15:28,0
2022/6/14 15:28,0
2022/6/14 15:28,0
2022/6/14 15:28,0
2022/6/14 15:28,0
2022/6/14 15:28,0
2022/6/14 15:28,0
2022/6/14 15:28,0
2022/6/14 15:28,0
2022/6/14 15:28,0
2022/6/14 15:28,0
2022/6/14 15:28,0
2022/6/14 15:28,0
2022/6/14 15:28,0
2022/6/14 15:28,0
2022/6/14 15:28,1
2022/6/14 15:28,1
2022/6/14 15:28,1
2022/6/14 15:28,1
2022/6/14 15:28,1
2022/6/14 15:28,1
2022/6/14 15:28,1
2022/6/14 15:28,1
2022/6/14 15:28,1
2022/6/14 15:28,1
2022/6/14 15:28,1
2022/6/14 15:28,1
2022/6/14 15:29,1
2022/6/14 15:29,1
2022/6/14 15:29,1
2022/6/14 15:29,1
2022/6/14 15:29,1
2022/6/14 15:29,1
2022/6/14 15:29,1
2022/6/14 15:29,1
2022/6/14 15:29,1
2022/6/14 15:29,1
2022/6/14 15:29,1
2022/6/14 15:29,1
2022/6/14 15:29,1
2022/6/14 15:29,1
2022/6/14 15:29,1
2022/6/14 15:29,1
2022/6/14 15:29,1
2022/6/14 15:29,1
2022/6/14 15:29,1
2022/6/14 15:29,1
2022/6/14 15:29,1
2022/6/14 15:29,1
2022/6/14 15:29,1
2022/6/14 15:29,1
2022/6/14 15:29,1
2022/6/14 15:29,1
2022/6/14 15:29,1
2022/6/14 15:29,1
2022/6/14 15:29,1
2022/6/14 15:29,1
2022/6/14 15:30,1
2022/6/14 15:30,0
2022/6/14 15:30,0
2022/6/14 15:30,0
2022/6/14 15:30,0
2022/6/14 15:30,0
2022/6/14 15:30,0
2022/6/14 15:30,0
2022/6/14 15:30,0
2022/6/14 15:30,0
2022/6/14 15:30,0
2022/6/14 15:30,0
2022/6/14 15:30,0
2022/6/14 15:30,0
2022/6/14 15:30,0
2022/6/14 15:30,0
2022/6/14 15:30,0
2022/6/14 15:30,0
2022/6/14 15:30,0
2022/6/14 15:30,0
2022/6/14 15:30,0
2022/6/14 15:30,0
2022/6/14 15:30,0
2022/6/14 15:30,0
2022/6/14 15:30,0
2022/6/14 15:30,0
2022/6/14 15:30,0
2022/6/14 15:30,0
2022/6/14 15:30,0
2022/6/14 15:30,0
2022/6/14 15:31,0
2022/6/14 15:31,0
2022/6/14 15:31,0
2022/6/14 15:31,0
2022/6/14 15:31,0
2022/6/14 15:31,0
2022/6/14 15:31,0
2022/6/14 15:31,0
2022/6/14 15:31,0
2022/6/14 15:31,0
2022/6/14 15:31,0
2022/6/14 15:31,0
2022/6/14 15:31,0
2022/6/14 15:31,0
2022/6/14 15:31,0
2022/6/14 15:31,0
2022/6/14 15:31,0
2022/6/14 15:31,0
2022/6/14 15:31,0
2022/6/14 15:31,0
2022/6/14 15:31,0
2022/6/14 15:31,0
2022/6/14 15:31,0
2022/6/14 15:31,0
2022/6/14 15:31,0
2022/6/14 15:31,0
2022/6/14 15:31,0
2022/6/14 15:31,0
2022/6/14 15:31,0
2022/6/14 15:31,0
2022/6/14 15:32,0
2022/6/14 15:32,0
2022/6/14 15:32,0
2022/6/14 15:32,0
2022/6/14 15:32,0
2022/6/14 15:32,0
2022/6/14 15:32,0
2022/6/14 15:32,0
2022/6/14 15:32,0
2022/6/14 15:32,0
2022/6/14 15:32,0
2022/6/14 15:32,0
2022/6/14 15:32,0
2022/6/14 15:32,0
2022/6/14 15:32,0
2022/6/14 15:32,0
2022/6/14 15:32,0
2022/6/14 15:32,0
2022/6/14 15:32,0
2022/6/14 15:32,0
2022/6/14 15:32,0
2022/6/14 15:32,0
2022/6/14 15:32,0
2022/6/14 15:32,0
2022/6/14 15:32,0
2022/6/14 15:32,0
2022/6/14 15:32,0
2022/6/14 15:32,0
2022/6/14 15:32,0
2022/6/14 15:32,0
2022/6/14 15:33,0
2022/6/14 15:33,0
2022/6/14 15:33,0
2022/6/14 15:33,0
2022/6/14 15:33,0
2022/6/14 15:33,0
2022/6/14 15:33,0
2022/6/14 15:33,0
2022/6/14 15:33,0
2022/6/14 15:33,0
2022/6/14 15:33,0
2022/6/14 15:33,0
2022/6/14 15:33,0
2022/6/14 15:33,0
2022/6/14 15:33,0
2022/6/14 15:33,0
2022/6/14 15:33,0
2022/6/14 15:33,0
2022/6/14 15:33,0
2022/6/14 15:33,0
2022/6/14 15:33,0
2022/6/14 15:33,0
2022/6/14 15:33,0
2022/6/14 15:33,0
2022/6/14 15:33,0
2022/6/14 15:33,0
2022/6/14 15:33,0
2022/6/14 15:33,0
2022/6/14 15:33,0
2022/6/14 15:33,0
2022/6/14 15:34,0
2022/6/14 15:34,0
2022/6/14 15:34,0
2022/6/14 15:34,0
2022/6/14 15:34,0
2022/6/14 15:34,0
2022/6/14 15:34,0
2022/6/14 15:34,0
2022/6/14 15:34,0
2022/6/14 15:34,0
2022/6/14 15:34,0
2022/6/14 15:34,0
2022/6/14 15:34,0
2022/6/14 15:34,0
2022/6/14 15:34,0
2022/6/14 15:34,0
2022/6/14 15:34,0
2022/6/14 15:34,0
2022/6/14 15:34,0
2022/6/14 15:34,0
2022/6/14 15:34,0
2022/6/14 15:34,0
2022/6/14 15:34,0
2022/6/14 15:34,0
2022/6/14 15:34,0
2022/6/14 15:34,0
2022/6/14 15:34,0
2022/6/14 15:34,0
2022/6/14 15:34,0
2022/6/14 15:34,0
2022/6/14 15:35,0
2022/6/14 15:35,0
2022/6/14 15:35,0
2022/6/14 15:35,0
2022/6/14 15:35,0
2022/6/14 15:35,0
2022/6/14 15:35,0
2022/6/14 15:35,0
2022/6/14 15:35,0
2022/6/14 15:35,0
2022/6/14 15:35,0
2022/6/14 15:35,0
2022/6/14 15:35,0
2022/6/14 15:35,0
2022/6/14 15:35,0
2022/6/14 15:35,0
2022/6/14 15:35,0
2022/6/14 15:35,0
2022/6/14 15:35,0
2022/6/14 15:35,0
2022/6/14 15:35,0
2022/6/14 15:35,0
2022/6/14 15:35,0
2022/6/14 15:35,0
2022/6/14 15:35,0
2022/6/14 15:35,0
2022/6/14 15:35,0
2022/6/14 15:35,0
2022/6/14 15:35,0
2022/6/14 15:35,0
2022/6/14 15:36,0
2022/6/14 15:36,0
2022/6/14 15:36,0
2022/6/14 15:36,0
2022/6/14 15:36,0
2022/6/14 15:36,0
2022/6/14 15:36,0
2022/6/14 15:36,0
2022/6/14 15:36,0
2022/6/14 15:36,0
2022/6/14 15:36,0
2022/6/14 15:36,0
2022/6/14 15:36,0
2022/6/14 15:36,0
2022/6/14 15:36,0
2022/6/14 15:36,0
2022/6/14 15:36,0
2022/6/14 15:36,0
2022/6/14 15:36,0
2022/6/14 15:36,0
2022/6/14 15:36,0
2022/6/14 15:36,0
2022/6/14 15:36,0
2022/6/14 15:36,0
2022/6/14 15:36,0
2022/6/14 15:36,0
2022/6/14 15:36,0
2022/6/14 15:36,0
2022/6/14 15:36,0
2022/6/14 15:36,0
2022/6/14 15:37,0
2022/6/14 15:37,0
2022/6/14 15:37,0
2022/6/14 15:37,0
2022/6/14 15:37,0
2022/6/14 15:37,0
2022/6/14 15:37,0
2022/6/14 15:37,0
2022/6/14 15:37,0
2022/6/14 15:37,0
2022/6/14 15:37,0
2022/6/14 15:37,0
2022/6/14 15:37,0
2022/6/14 15:37,0
2022/6/14 15:37,0
2022/6/14 15:37,0
2022/6/14 15:37,0
2022/6/14 15:37,0
2022/6/14 15:37,0
2022/6/14 15:37,0
2022/6/14 15:37,0
2022/6/14 15:37,0
2022/6/14 15:37,0
2022/6/14 15:37,0
2022/6/14 15:37,0
2022/6/14 15:37,0
2022/6/14 15:37,0
2022/6/14 15:37,0
2022/6/14 15:37,0
2022/6/14 15:37,0
2022/6/14 15:38,0
2022/6/14 15:38,0
2022/6/14 15:38,0
2022/6/14 15:38,0
2022/6/14 15:38,0
2022/6/14 15:38,0
2022/6/14 15:38,0
2022/6/14 15:38,0
2022/6/14 15:38,0
2022/6/14 15:38,0
2022/6/14 15:38,0
2022/6/14 15:38,0
2022/6/14 15:38,0
2022/6/14 15:38,0
2022/6/14 15:38,0
2022/6/14 15:38,0
2022/6/14 15:38,0
2022/6/14 15:38,0
2022/6/14 15:38,0
2022/6/14 15:38,0
2022/6/14 15:38,0
2022/6/14 15:38,0
2022/6/14 15:38,0
2022/6/14 15:38,0
2022/6/14 15:38,0
2022/6/14 15:38,0
2022/6/14 15:38,0
2022/6/14 15:38,0
2022/6/14 15:38,0
2022/6/14 15:38,0
2022/6/14 15:39,0
2022/6/14 15:39,0
2022/6/14 15:39,0
2022/6/14 15:39,0
2022/6/14 15:39,0
2022/6/14 15:39,0
2022/6/14 15:39,0
2022/6/14 15:39,0
2022/6/14 15:39,0
2022/6/14 15:39,0
2022/6/14 15:39,0
2022/6/14 15:39,0
2022/6/14 15:39,0
2022/6/14 15:39,0
2022/6/14 15:39,0
2022/6/14 15:39,0
2022/6/14 15:39,0
2022/6/14 15:39,0
2022/6/14 15:39,0
2022/6/14 15:39,0
2022/6/14 15:39,0
2022/6/14 15:39,0
2022/6/14 15:39,0
2022/6/14 15:39,0
2022/6/14 15:39,0
2022/6/14 15:39,0
2022/6/14 15:39,0
2022/6/14 15:39,0
2022/6/14 15:39,0
2022/6/14 15:39,0
2022/6/14 15:40,0
2022/6/14 15:40,0
2022/6/14 15:40,0
2022/6/14 15:40,0
2022/6/14 15:40,0
2022/6/14 15:40,0
2022/6/14 15:40,0
2022/6/14 15:40,0
2022/6/14 15:40,0
2022/6/14 15:40,0
2022/6/14 15:40,0
2022/6/14 15:40,0
2022/6/14 15:40,0
2022/6/14 15:40,0
2022/6/14 15:40,0
2022/6/14 15:40,0
2022/6/14 15:40,0
2022/6/14 15:40,0
2022/6/14 15:40,0
2022/6/14 15:40,0
2022/6/14 15:40,0
2022/6/14 15:40,0
2022/6/14 15:40,0
2022/6/14 15:40,0
2022/6/14 15:40,0
2022/6/14 15:40,0
2022/6/14 15:40,0
2022/6/14 15:40,0
2022/6/14 15:40,0
2022/6/14 15:40,0
2022/6/14 15:41,0
2022/6/14 15:41,0
2022/6/14 15:41,0
2022/6/14 15:41,0
2022/6/14 15:41,0
2022/6/14 15:41,0
2022/6/14 15:41,0
2022/6/14 15:41,0
2022/6/14 15:41,0
2022/6/14 15:41,0
2022/6/14 15:41,0
2022/6/14 15:41,0
2022/6/14 15:41,0
2022/6/14 15:41,0
2022/6/14 15:41,0
2022/6/14 15:41,0
2022/6/14 15:41,0
2022/6/14 15:41,0
2022/6/14 15:41,0
2022/6/14 15:41,0
2022/6/14 15:41,0
2022/6/14 15:41,0
2022/6/14 15:41,0
2022/6/14 15:41,0
2022/6/14 15:41,0
2022/6/14 15:41,0
2022/6/14 15:41,0
2022/6/14 15:41,0
2022/6/14 15:41,0
2022/6/14 15:41,0
2022/6/14 15:42,0
2022/6/14 15:42,0
2022/6/14 15:42,0
2022/6/14 15:42,0
2022/6/14 15:42,0
2022/6/14 15:42,0
2022/6/14 15:42,0
2022/6/14 15:42,0
2022/6/14 15:42,0
2022/6/14 15:42,0
2022/6/14 15:42,0
2022/6/14 15:42,0
2022/6/14 15:42,0
2022/6/14 15:42,0
2022/6/14 15:42,0
2022/6/14 15:42,0
2022/6/14 15:42,0
2022/6/14 15:42,0
2022/6/14 15:42,0
2022/6/14 15:42,0
2022/6/14 15:42,0
2022/6/14 15:42,0
2022/6/14 15:42,0
2022/6/14 15:42,0
2022/6/14 15:42,0
2022/6/14 15:42,0
2022/6/14 15:42,0
2022/6/14 15:42,0
2022/6/14 15:42,0
2022/6/14 15:42,0
2022/6/14 15:43,0
2022/6/14 15:43,0
2022/6/14 15:43,0
2022/6/14 15:43,0
2022/6/14 15:43,0
2022/6/14 15:43,0
2022/6/14 15:43,0
2022/6/14 15:43,0
2022/6/14 15:43,0
2022/6/14 15:43,0
2022/6/14 15:43,0
2022/6/14 15:43,0
2022/6/14 15:43,0
2022/6/14 15:43,0
2022/6/14 15:43,0
2022/6/14 15:43,0
2022/6/14 15:43,0
2022/6/14 15:43,0
2022/6/14 15:43,0
2022/6/14 15:43,0
2022/6/14 15:43,0
2022/6/14 15:43,0
2022/6/14 15:43,0
2022/6/14 15:43,0
2022/6/14 15:43,0
2022/6/14 15:43,0
2022/6/14 15:43,0
2022/6/14 15:43,0
2022/6/14 15:43,0
2022/6/14 15:43,0
2022/6/14 15:44,0
2022/6/14 15:44,0
2022/6/14 15:44,0
2022/6/14 15:44,0
2022/6/14 15:44,0
2022/6/14 15:44,0
2022/6/14 15:44,0
2022/6/14 15:44,0
2022/6/14 15:44,0
2022/6/14 15:44,0
2022/6/14 15:44,0
2022/6/14 15:44,0
2022/6/14 15:44,0
2022/6/14 15:44,0
2022/6/14 15:44,0
2022/6/14 15:44,0
2022/6/14 15:44,0
2022/6/14 15:44,0
2022/6/14 15:44,0
2022/6/14 15:44,0
2022/6/14 15:44,0
2022/6/14 15:44,0
2022/6/14 15:44,0
2022/6/14 15:44,0
2022/6/14 15:44,0
2022/6/14 15:44,0
2022/6/14 15:44,0
2022/6/14 15:44,0
2022/6/14 15:44,0
2022/6/14 15:44,0
2022/6/14 15:45,0
2022/6/14 15:45,0
2022/6/14 15:45,0
2022/6/14 15:45,0
2022/6/14 15:45,0
2022/6/14 15:45,0
2022/6/14 15:45,0
2022/6/14 15:45,0
2022/6/14 15:45,0
2022/6/14 15:45,0
2022/6/14 15:45,0
2022/6/14 15:45,0
2022/6/14 15:45,0
2022/6/14 15:45,0
2022/6/14 15:45,0
2022/6/14 15:45,0
2022/6/14 15:45,0
2022/6/14 15:45,0
2022/6/14 15:45,0
2022/6/14 15:45,0
2022/6/14 15:45,0
2022/6/14 15:45,0
2022/6/14 15:45,0
2022/6/14 15:45,0
2022/6/14 15:45,0
2022/6/14 15:45,0
2022/6/14 15:45,0
2022/6/14 15:45,0
2022/6/14 15:45,0
2022/6/14 15:45,0
2022/6/14 15:46,0
2022/6/14 15:46,0
2022/6/14 15:46,0
2022/6/14 15:46,0
2022/6/14 15:46,0
2022/6/14 15:46,0
2022/6/14 15:46,0
2022/6/14 15:46,0
2022/6/14 15:46,0
2022/6/14 15:46,0
2022/6/14 15:46,0
2022/6/14 15:46,0
2022/6/14 15:46,0
2022/6/14 15:46,0
2022/6/14 15:46,0
2022/6/14 15:46,0
2022/6/14 15:46,0
2022/6/14 15:46,0
2022/6/14 15:46,0
2022/6/14 15:46,0
2022/6/14 15:46,0
2022/6/14 15:46,0
2022/6/14 15:46,0
2022/6/14 15:46,0
2022/6/14 15:46,0
2022/6/14 15:46,0
2022/6/14 15:46,0
2022/6/14 15:46,0
2022/6/14 15:46,0
2022/6/14 15:46,0
2022/6/14 15:47,0
2022/6/14 15:47,0
2022/6/14 15:47,0
2022/6/14 15:47,0
2022/6/14 15:47,0
2022/6/14 15:47,0
2022/6/14 15:47,0
2022/6/14 15:47,0
2022/6/14 15:47,0
2022/6/14 15:47,0
2022/6/14 15:47,0
2022/6/14 15:47,0
2022/6/14 15:47,0
2022/6/14 15:47,0
2022/6/14 15:47,0
2022/6/14 15:47,0
2022/6/14 15:47,0
2022/6/14 15:47,0
2022/6/14 15:47,0
2022/6/14 15:47,0
2022/6/14 15:47,0
2022/6/14 15:47,0
2022/6/14 15:47,0
2022/6/14 15:47,0
2022/6/14 15:47,0
2022/6/14 15:47,0
2022/6/14 15:47,0
2022/6/14 15:47,0
2022/6/14 15:47,0
2022/6/14 15:47,0
2022/6/14 15:48,0
2022/6/14 15:48,0
2022/6/14 15:48,0
2022/6/14 15:48,0
2022/6/14 15:48,0
2022/6/14 15:48,0
2022/6/14 15:48,0
2022/6/14 15:48,0
2022/6/14 15:48,0
2022/6/14 15:48,0
2022/6/14 15:48,0
2022/6/14 15:48,0
2022/6/14 15:48,0
2022/6/14 15:48,0
2022/6/14 15:48,0
2022/6/14 15:48,0
2022/6/14 15:48,0
2022/6/14 15:48,0
2022/6/14 15:48,0
2022/6/14 15:48,0
2022/6/14 15:48,0
2022/6/14 15:48,0
2022/6/14 15:48,0
2022/6/14 15:48,0
2022/6/14 15:48,0
2022/6/14 15:48,0
2022/6/14 15:48,0
2022/6/14 15:48,0
2022/6/14 15:48,0
2022/6/14 15:48,0
2022/6/14 15:49,0
2022/6/14 15:49,0
2022/6/14 15:49,0
2022/6/14 15:49,0
2022/6/14 15:49,0
2022/6/14 15:49,0
2022/6/14 15:49,0
2022/6/14 15:49,0
2022/6/14 15:49,0
2022/6/14 15:49,0
2022/6/14 15:49,0
2022/6/14 15:49,0
2022/6/14 15:49,0
2022/6/14 15:49,0
2022/6/14 15:49,0
2022/6/14 15:49,0
2022/6/14 15:49,0
2022/6/14 15:49,0
2022/6/14 15:49,0
2022/6/14 15:49,0
2022/6/14 15:49,0
2022/6/14 15:49,0
2022/6/14 15:49,0
2022/6/14 15:49,0
2022/6/14 15:49,0
2022/6/14 15:49,0
2022/6/14 15:49,0
2022/6/14 15:49,0
2022/6/14 15:49,0
2022/6/14 15:49,0
2022/6/14 15:50,0
2022/6/14 15:50,0
2022/6/14 15:50,0
2022/6/14 15:50,0
2022/6/14 15:50,0
2022/6/14 15:50,0
2022/6/14 15:50,0
2022/6/14 15:50,0
2022/6/14 15:50,0
2022/6/14 15:50,0
2022/6/14 15:50,0
2022/6/14 15:50,0
2022/6/14 15:50,0
2022/6/14 15:50,0
2022/6/14 15:50,0
2022/6/14 15:50,0
2022/6/14 15:50,0
2022/6/14 15:50,0
2022/6/14 15:50,0
2022/6/14 15:50,0
2022/6/14 15:50,0
2022/6/14 15:50,0
2022/6/14 15:50,0
2022/6/14 15:50,0
2022/6/14 15:50,0
2022/6/14 15:50,0
2022/6/14 15:50,0
2022/6/14 15:50,0
2022/6/14 15:50,0
2022/6/14 15:50,0
2022/6/14 15:51,0
2022/6/14 15:51,0
2022/6/14 15:51,0
2022/6/14 15:51,0
2022/6/14 15:51,0
2022/6/14 15:51,0
2022/6/14 15:51,0
2022/6/14 15:51,0
2022/6/14 15:51,0
2022/6/14 15:51,0
2022/6/14 15:51,0
2022/6/14 15:51,0
2022/6/14 15:51,0
2022/6/14 15:51,0
2022/6/14 15:51,0
2022/6/14 15:51,0
2022/6/14 15:51,0
2022/6/14 15:51,0
2022/6/14 15:51,0
2022/6/14 15:51,0
2022/6/14 15:51,0
2022/6/14 15:51,0
2022/6/14 15:51,0
2022/6/14 15:51,0
2022/6/14 15:51,0
2022/6/14 15:51,0
2022/6/14 15:51,0
2022/6/14 15:51,0
2022/6/14 15:51,0
2022/6/14 15:51,0
2022/6/14 15:52,0
2022/6/14 15:52,0
2022/6/14 15:52,0
2022/6/14 15:52,0
2022/6/14 15:52,0
2022/6/14 15:52,0
2022/6/14 15:52,0
2022/6/14 15:52,0
2022/6/14 15:52,0
2022/6/14 15:52,0
2022/6/14 15:52,0
2022/6/14 15:52,0
2022/6/14 15:52,0
2022/6/14 15:52,0
2022/6/14 15:52,0
2022/6/14 15:52,0
2022/6/14 15:52,0
2022/6/14 15:52,0
2022/6/14 15:52,0
2022/6/14 15:52,0
2022/6/14 15:52,0
2022/6/14 15:52,0
2022/6/14 15:52,0
2022/6/14 15:52,0
2022/6/14 15:52,0
2022/6/14 15:52,0
2022/6/14 15:52,0
2022/6/14 15:52,0
2022/6/14 15:52,0
2022/6/14 15:52,0
2022/6/14 15:53,0
2022/6/14 15:53,0
2022/6/14 15:53,0
2022/6/14 15:53,0
2022/6/14 15:53,0
2022/6/14 15:53,0
2022/6/14 15:53,0
2022/6/14 15:53,0
2022/6/14 15:53,0
2022/6/14 15:53,0
2022/6/14 15:53,0
2022/6/14 15:53,0
2022/6/14 15:53,0
2022/6/14 15:53,0
2022/6/14 15:53,0
2022/6/14 15:53,0
2022/6/14 15:53,0
2022/6/14 15:53,0
2022/6/14 15:53,0
2022/6/14 15:53,0
2022/6/14 15:53,0
2022/6/14 15:53,0
2022/6/14 15:53,0
2022/6/14 15:53,0
2022/6/14 15:53,0
2022/6/14 15:53,0
2022/6/14 15:53,0
2022/6/14 15:53,0
2022/6/14 15:53,0
2022/6/14 15:53,0
2022/6/14 15:54,0
2022/6/14 15:54,0
2022/6/14 15:54,0
2022/6/14 15:54,0
2022/6/14 15:54,0
2022/6/14 15:54,0
2022/6/14 15:54,0
2022/6/14 15:54,0
2022/6/14 15:54,0
2022/6/14 15:54,0
2022/6/14 15:54,0
2022/6/14 15:54,0
2022/6/14 15:54,0
2022/6/14 15:54,0
2022/6/14 15:54,0
2022/6/14 15:54,0
2022/6/14 15:54,0
2022/6/14 15:54,0
2022/6/14 15:54,0
2022/6/14 15:54,0
2022/6/14 15:54,0
2022/6/14 15:54,0
2022/6/14 15:54,0
2022/6/14 15:54,0
2022/6/14 15:54,0
2022/6/14 15:54,0
2022/6/14 15:54,0
2022/6/14 15:54,0
2022/6/14 15:54,0
2022/6/14 15:54,0
2022/6/14 15:55,0
2022/6/14 15:55,0
2022/6/14 15:55,0
2022/6/14 15:55,0
2022/6/14 15:55,0
2022/6/14 15:55,0
2022/6/14 15:55,0
2022/6/14 15:55,0
2022/6/14 15:55,0
2022/6/14 15:55,0
2022/6/14 15:55,0
2022/6/14 15:55,0
2022/6/14 15:55,0
2022/6/14 15:55,0
2022/6/14 15:55,0
2022/6/14 15:55,0
2022/6/14 15:55,0
2022/6/14 15:55,0
2022/6/14 15:55,0
2022/6/14 15:55,0
2022/6/14 15:55,0
2022/6/14 15:55,0
2022/6/14 15:55,0
2022/6/14 15:55,0
2022/6/14 15:55,0
2022/6/14 15:55,0
2022/6/14 15:55,0
2022/6/14 15:55,0
2022/6/14 15:55,0
2022/6/14 15:55,0
2022/6/14 15:56,0
2022/6/14 15:56,0
2022/6/14 15:56,0
2022/6/14 15:56,0
2022/6/14 15:56,0
2022/6/14 15:56,0
2022/6/14 15:56,0
2022/6/14 15:56,0
2022/6/14 15:56,0
2022/6/14 15:56,0
2022/6/14 15:56,0
2022/6/14 15:56,0
2022/6/14 15:56,0
2022/6/14 15:56,0
2022/6/14 15:56,0
2022/6/14 15:56,0
2022/6/14 15:56,0
2022/6/14 15:56,0
2022/6/14 15:56,0
2022/6/14 15:56,0
2022/6/14 15:56,0
2022/6/14 15:56,0
2022/6/14 15:56,0
2022/6/14 15:56,0
2022/6/14 15:56,0
2022/6/14 15:56,0
2022/6/14 15:56,0
2022/6/14 15:56,0
2022/6/14 15:56,0
2022/6/14 15:56,0
2022/6/14 15:57,0
2022/6/14 15:57,0
2022/6/14 15:57,0
2022/6/14 15:57,0
2022/6/14 15:57,0
2022/6/14 15:57,0
2022/6/14 15:57,0
2022/6/14 15:57,0
2022/6/14 15:57,0
2022/6/14 15:57,0
2022/6/14 15:57,0
2022/6/14 15:57,0
2022/6/14 15:57,0
2022/6/14 15:57,0
2022/6/14 15:57,0
2022/6/14 15:57,0
2022/6/14 15:57,0
2022/6/14 15:57,0
2022/6/14 15:57,0
2022/6/14 15:57,0
2022/6/14 15:57,0
2022/6/14 15:57,0
2022/6/14 15:57,0
2022/6/14 15:57,0
2022/6/14 15:57,0
2022/6/14 15:57,0
2022/6/14 15:57,0
2022/6/14 15:57,0
2022/6/14 15:57,0
2022/6/14 15:57,0
2022/6/14 15:58,0
2022/6/14 15:58,0
2022/6/14 15:58,0
2022/6/14 15:58,0
2022/6/14 15:58,0
2022/6/14 15:58,0
2022/6/14 15:58,0
2022/6/14 15:58,0
2022/6/14 15:58,0
2022/6/14 15:58,0
2022/6/14 15:58,0
2022/6/14 15:58,0
2022/6/14 15:58,0
2022/6/14 15:58,0
2022/6/14 15:58,0
2022/6/14 15:58,0
2022/6/14 15:58,0
2022/6/14 15:58,0
2022/6/14 15:58,0
2022/6/14 15:58,0
2022/6/14 15:58,0
2022/6/14 15:58,0
2022/6/14 15:58,0
2022/6/14 15:58,0
2022/6/14 15:58,0
2022/6/14 15:58,0
2022/6/14 15:58,0
2022/6/14 15:58,0
2022/6/14 15:58,0
2022/6/14 15:58,0
2022/6/14 15:59,0
2022/6/14 15:59,0
2022/6/14 15:59,0
2022/6/14 15:59,0
2022/6/14 15:59,0
2022/6/14 15:59,0
2022/6/14 15:59,0
2022/6/14 15:59,0
2022/6/14 15:59,0
2022/6/14 15:59,0
2022/6/14 15:59,0
2022/6/14 15:59,0
2022/6/14 15:59,0
2022/6/14 15:59,0
2022/6/14 15:59,0
2022/6/14 15:59,0
2022/6/14 15:59,0
2022/6/14 15:59,0
2022/6/14 15:59,0
2022/6/14 15:59,0
2022/6/14 15:59,0
2022/6/14 15:59,0
2022/6/14 15:59,0
2022/6/14 15:59,0
2022/6/14 15:59,0
2022/6/14 15:59,0
2022/6/14 15:59,0
2022/6/14 15:59,0
2022/6/14 15:59,0
2022/6/14 15:59,0
2022/6/14 16:00,0
2022/6/14 16:00,0
2022/6/14 16:00,0
2022/6/14 16:00,0
2022/6/14 16:00,0
2022/6/14 16:00,0
2022/6/14 16:00,0
2022/6/14 16:00,0
2022/6/14 16:00,0
2022/6/14 16:00,0
2022/6/14 16:00,0
2022/6/14 16:00,0
2022/6/14 16:00,0
2022/6/14 16:00,0
2022/6/14 16:00,0
2022/6/14 16:00,0
2022/6/14 16:00,0
2022/6/14 16:00,0
2022/6/14 16:00,0
2022/6/14 16:00,0
2022/6/14 16:00,0
2022/6/14 16:00,0
2022/6/14 16:00,0
2022/6/14 16:00,0
2022/6/14 16:00,0
2022/6/14 16:00,0
2022/6/14 16:00,0
2022/6/14 16:00,0
2022/6/14 16:00,0
2022/6/14 16:00,0
2022/6/14 16:01,0
2022/6/14 16:01,0
2022/6/14 16:01,0
2022/6/14 16:01,0
2022/6/14 16:01,0
2022/6/14 16:01,0
2022/6/14 16:01,0
2022/6/14 16:01,0
2022/6/14 16:01,0
2022/6/14 16:01,0
2022/6/14 16:01,0
2022/6/14 16:01,0
2022/6/14 16:01,0
2022/6/14 16:01,0
2022/6/14 16:01,0
2022/6/14 16:01,0
2022/6/14 16:01,0
2022/6/14 16:01,0
2022/6/14 16:01,0
2022/6/14 16:01,0
2022/6/14 16:01,0
2022/6/14 16:01,0
2022/6/14 16:01,0
2022/6/14 16:01,0
2022/6/14 16:01,0
2022/6/14 16:01,0
2022/6/14 16:01,0
2022/6/14 16:01,0
2022/6/14 16:01,0
2022/6/14 16:01,0
2022/6/14 16:02,0
2022/6/14 16:02,0
2022/6/14 16:02,0
2022/6/14 16:02,0
2022/6/14 16:02,0
2022/6/14 16:02,0
2022/6/14 16:02,0
2022/6/14 16:02,0
2022/6/14 16:02,0
2022/6/14 16:02,0
2022/6/14 16:02,0
2022/6/14 16:02,0
2022/6/14 16:02,0
2022/6/14 16:02,0
2022/6/14 16:02,0
2022/6/14 16:02,0
2022/6/14 16:02,0
2022/6/14 16:02,0
2022/6/14 16:02,0
2022/6/14 16:02,0
2022/6/14 16:02,0
2022/6/14 16:02,0
2022/6/14 16:02,0
2022/6/14 16:02,0
2022/6/14 16:02,0
2022/6/14 16:02,0
2022/6/14 16:02,0
2022/6/14 16:02,0
2022/6/14 16:02,0
2022/6/14 16:02,0
2022/6/14 16:03,0
2022/6/14 16:03,0
2022/6/14 16:03,0
2022/6/14 16:03,0
2022/6/14 16:03,0
2022/6/14 16:03,0
2022/6/14 16:03,0
2022/6/14 16:03,0
2022/6/14 16:03,0
2022/6/14 16:03,0
2022/6/14 16:03,0
2022/6/14 16:03,0
2022/6/14 16:03,0
2022/6/14 16:03,0
2022/6/14 16:03,0
2022/6/14 16:03,0
2022/6/14 16:03,0
2022/6/14 16:03,0
2022/6/14 16:03,0
2022/6/14 16:03,0
2022/6/14 16:03,0
2022/6/14 16:03,0
2022/6/14 16:03,0
2022/6/14 16:03,0
2022/6/14 16:03,0
2022/6/14 16:03,0
2022/6/14 16:03,0
2022/6/14 16:03,0
2022/6/14 16:03,0
2022/6/14 16:03,0
2022/6/14 16:04,0
2022/6/14 16:04,0
2022/6/14 16:04,0
2022/6/14 16:04,0
2022/6/14 16:04,0
2022/6/14 16:04,0
2022/6/14 16:04,0
2022/6/14 16:04,0
2022/6/14 16:04,0
2022/6/14 16:04,0
2022/6/14 16:04,0
2022/6/14 16:04,0
2022/6/14 16:04,0
2022/6/14 16:04,0
2022/6/14 16:04,0
2022/6/14 16:04,0
2022/6/14 16:04,0
2022/6/14 16:04,0
2022/6/14 16:04,0
2022/6/14 16:04,0
2022/6/14 16:04,0
2022/6/14 16:04,0
2022/6/14 16:04,0
2022/6/14 16:04,0
2022/6/14 16:04,0
2022/6/14 16:04,0
2022/6/14 16:04,0
2022/6/14 16:04,0
2022/6/14 16:04,0
2022/6/14 16:04,0
2022/6/14 16:05,0
2022/6/14 16:05,0
2022/6/14 16:05,0
2022/6/14 16:05,0
2022/6/14 16:05,0
2022/6/14 16:05,0
2022/6/14 16:05,0
2022/6/14 16:05,0
2022/6/14 16:05,0
2022/6/14 16:05,0
2022/6/14 16:05,0
2022/6/14 16:05,0
2022/6/14 16:05,0
2022/6/14 16:05,0
2022/6/14 16:05,0
2022/6/14 16:05,0
2022/6/14 16:05,0
2022/6/14 16:05,0
2022/6/14 16:05,0
2022/6/14 16:05,0
2022/6/14 16:05,0
2022/6/14 16:05,0
2022/6/14 16:05,0
2022/6/14 16:05,0
2022/6/14 16:05,0
2022/6/14 16:05,0
2022/6/14 16:05,0
2022/6/14 16:05,0
2022/6/14 16:05,0
2022/6/14 16:05,0
2022/6/14 16:06,0
2022/6/14 16:06,0
2022/6/14 16:06,0
2022/6/14 16:06,0
2022/6/14 16:06,0
2022/6/14 16:06,0
2022/6/14 16:06,0
2022/6/14 16:06,0
2022/6/14 16:06,0
2022/6/14 16:06,0
2022/6/14 16:06,0
2022/6/14 16:06,0
2022/6/14 16:06,0
2022/6/14 16:06,0
2022/6/14 16:06,0
2022/6/14 16:06,0
2022/6/14 16:06,0
2022/6/14 16:06,0
2022/6/14 16:06,0
2022/6/14 16:06,0
2022/6/14 16:06,0
2022/6/14 16:06,0
2022/6/14 16:06,0
2022/6/14 16:06,0
2022/6/14 16:06,0
2022/6/14 16:06,0
2022/6/14 16:06,0
2022/6/14 16:06,0
2022/6/14 16:06,0
2022/6/14 16:06,0
2022/6/14 16:07,0
2022/6/14 16:07,0
2022/6/14 16:07,0
2022/6/14 16:07,0
2022/6/14 16:07,0
2022/6/14 16:07,0
2022/6/14 16:07,0
2022/6/14 16:07,0
2022/6/14 16:07,0
2022/6/14 16:07,0
2022/6/14 16:07,0
2022/6/14 16:07,0
2022/6/14 16:07,0
2022/6/14 16:07,0
2022/6/14 16:07,0
2022/6/14 16:07,0
2022/6/14 16:07,0
2022/6/14 16:07,0
2022/6/14 16:07,0
2022/6/14 16:07,0
2022/6/14 16:07,0
2022/6/14 16:07,0
2022/6/14 16:07,0
2022/6/14 16:07,0
2022/6/14 16:07,0
2022/6/14 16:07,0
2022/6/14 16:07,0
2022/6/14 16:07,0
2022/6/14 16:07,0
2022/6/14 16:07,0
2022/6/14 16:08,0
2022/6/14 16:08,0
2022/6/14 16:08,0
2022/6/14 16:08,0
2022/6/14 16:08,0
2022/6/14 16:08,0
2022/6/14 16:08,0
2022/6/14 16:08,0
2022/6/14 16:08,0
2022/6/14 16:08,0
2022/6/14 16:08,0
2022/6/14 16:08,0
2022/6/14 16:08,0
2022/6/14 16:08,0
2022/6/14 16:08,0
2022/6/14 16:08,0
2022/6/14 16:08,0
2022/6/14 16:08,0
2022/6/14 16:08,0
2022/6/14 16:08,0
2022/6/14 16:08,0
2022/6/14 16:08,0
2022/6/14 16:08,0
2022/6/14 16:08,0
2022/6/14 16:08,0
2022/6/14 16:08,0
2022/6/14 16:08,0
2022/6/14 16:08,0
2022/6/14 16:08,0
2022/6/14 16:08,0
2022/6/14 16:09,0
2022/6/14 16:09,0
2022/6/14 16:09,0
2022/6/14 16:09,0
2022/6/14 16:09,0
2022/6/14 16:09,0
2022/6/14 16:09,0
2022/6/14 16:09,0
2022/6/14 16:09,0
2022/6/14 16:09,0
2022/6/14 16:09,0
2022/6/14 16:09,0
2022/6/14 16:09,0
2022/6/14 16:09,0
2022/6/14 16:09,0
2022/6/14 16:09,0
2022/6/14 16:09,0
2022/6/14 16:09,0
2022/6/14 16:09,0
2022/6/14 16:09,0
2022/6/14 16:09,0
2022/6/14 16:09,0
2022/6/14 16:09,0
2022/6/14 16:09,0
2022/6/14 16:09,0
2022/6/14 16:09,0
2022/6/14 16:09,0
2022/6/14 16:09,0
2022/6/14 16:09,0
2022/6/14 16:09,0
2022/6/14 16:10,0
2022/6/14 16:10,0
2022/6/14 16:10,0
2022/6/14 16:10,0
2022/6/14 16:10,0
2022/6/14 16:10,0
2022/6/14 16:10,0
2022/6/14 16:10,0
2022/6/14 16:10,0
2022/6/14 16:10,0
2022/6/14 16:10,0
2022/6/14 16:10,0
2022/6/14 16:10,0
2022/6/14 16:10,0
2022/6/14 16:10,0
2022/6/14 16:10,0
2022/6/14 16:10,0
2022/6/14 16:10,0
2022/6/14 16:10,0
2022/6/14 16:10,0
2022/6/14 16:10,0
2022/6/14 16:10,0
2022/6/14 16:10,0
2022/6/14 16:10,0
2022/6/14 16:10,0
2022/6/14 16:10,0
2022/6/14 16:10,0
2022/6/14 16:10,0
2022/6/14 16:10,0
2022/6/14 16:10,0
2022/6/14 16:11,0
2022/6/14 16:11,0
2022/6/14 16:11,0
2022/6/14 16:11,0
2022/6/14 16:11,0
2022/6/14 16:11,0
2022/6/14 16:11,0
2022/6/14 16:11,0
2022/6/14 16:11,0
2022/6/14 16:11,0
2022/6/14 16:11,0
2022/6/14 16:11,0
2022/6/14 16:11,0
2022/6/14 16:11,0
2022/6/14 16:11,0
2022/6/14 16:11,0
2022/6/14 16:11,0
2022/6/14 16:11,0
2022/6/14 16:11,0
2022/6/14 16:11,0
2022/6/14 16:11,0
2022/6/14 16:11,0
2022/6/14 16:11,0
2022/6/14 16:11,0
2022/6/14 16:11,0
2022/6/14 16:11,0
2022/6/14 16:11,0
2022/6/14 16:11,0
2022/6/14 16:11,0
2022/6/14 16:11,0
2022/6/14 16:12,0
2022/6/14 16:12,0
2022/6/14 16:12,0
2022/6/14 16:12,0
2022/6/14 16:12,0
2022/6/14 16:12,0
2022/6/14 16:12,0
2022/6/14 16:12,0
2022/6/14 16:12,0
2022/6/14 16:12,0
2022/6/14 16:12,0
2022/6/14 16:12,0
2022/6/14 16:12,0
2022/6/14 16:12,0
2022/6/14 16:12,0
2022/6/14 16:12,0
2022/6/14 16:12,0
2022/6/14 16:12,0
2022/6/14 16:12,0
2022/6/14 16:12,0
2022/6/14 16:12,0
2022/6/14 16:12,0
2022/6/14 16:12,0
2022/6/14 16:12,0
2022/6/14 16:12,0
2022/6/14 16:12,0
2022/6/14 16:12,0
2022/6/14 16:12,0
2022/6/14 16:12,0
2022/6/14 16:12,0
2022/6/14 16:13,0
2022/6/14 16:13,0
2022/6/14 16:13,0
2022/6/14 16:13,0
2022/6/14 16:13,0
2022/6/14 16:13,0
2022/6/14 16:13,0
2022/6/14 16:13,0
2022/6/14 16:13,0
